PO_ID,Supplier,Order_Date,Delivery_Date,Item_Category,Order_Status,Quantity,Unit_Price,Negotiated_Price,Defective_Units,Compliance,WE_STATUS,MIRO_STATUS,F110_STATUS,TOTAL_VALUE,Delivery_Delay_Days,COST_SAVINGS,DEFECT_RATE,Vendor_Risk
PO-00001,Alpha_Inc,2023-10-17,2023-10-25,Office Supplies,Cancelled,1176,20.13,17.81,,Yes,Completed,Pending,Not Paid,20944.559999999998,8.0,2728.32,,Low Risk
PO-00002,Delta_Logistics,2022-04-25,2022-05-05,Office Supplies,Delivered,1509,39.32,37.34,235.0,Yes,Completed,Verified,Paid,56346.060000000005,10.0,2987.819999999995,0.15573227302849568,High Risk
PO-00003,Gamma_Co,2022-01-26,2022-02-15,MRO,Delivered,910,95.51,92.26,41.0,Yes,Completed,Verified,Paid,83956.6,20.0,2957.5,0.045054945054945054,Low Risk
PO-00004,Beta_Supplies,2022-10-09,2022-10-28,Packaging,Delivered,1344,99.85,95.52,112.0,Yes,Completed,Verified,Paid,128378.87999999999,19.0,5819.519999999998,0.08333333333333333,Low Risk
PO-00005,Delta_Logistics,2022-09-08,2022-09-20,Raw Materials,Delivered,1180,64.07,60.53,171.0,No,Completed,Verified,Paid,71425.4,12.0,4177.199999999991,0.14491525423728813,High Risk
PO-00006,Epsilon_Group,2022-08-17,2022-08-29,MRO,Delivered,1145,69.21,63.57,39.0,Yes,Completed,Verified,Paid,72787.65,12.0,6457.799999999993,0.03406113537117904,Low Risk
PO-00007,Gamma_Co,2022-05-23,2022-06-03,MRO,Delivered,1774,51.37,47.82,96.0,No,Completed,Verified,Paid,84832.68000000001,11.0,6297.699999999995,0.05411499436302142,Low Risk
PO-00008,Alpha_Inc,2022-04-15,2022-04-29,MRO,Delivered,1094,36.93,32.78,22.0,Yes,Completed,Verified,Paid,35861.32,14.0,4540.0999999999985,0.02010968921389397,Low Risk
PO-00009,Gamma_Co,2023-11-24,2023-11-28,Raw Materials,Partially Delivered,1688,43.93,39.89,89.0,Yes,Completed,Pending,Not Paid,67334.32,4.0,6819.519999999999,0.052725118483412325,Low Risk
PO-00010,Gamma_Co,2023-07-13,2023-07-25,Raw Materials,Pending,171,76.87,70.2,8.0,Yes,Completed,Pending,Not Paid,12004.2,12.0,1140.5700000000004,0.04678362573099415,Low Risk
PO-00011,Epsilon_Group,2022-03-31,2022-04-15,Raw Materials,Delivered,5000,78.49,73.68,18.0,Yes,Completed,Verified,Paid,368400.00000000006,15.0,24049.99999999994,0.0036,Low Risk
PO-00012,Beta_Supplies,2023-08-28,2023-09-11,Raw Materials,Delivered,5000,88.96,86.58,115.0,Yes,Completed,Verified,Paid,432900.0,14.0,11899.999999999978,0.023,Low Risk
PO-00013,Beta_Supplies,2023-03-09,2023-03-26,Electronics,Pending,5000,86.74,74.86,51.0,Yes,Completed,Pending,Not Paid,374300.0,17.0,59399.99999999998,0.0102,Low Risk
PO-00014,Beta_Supplies,2022-02-02,,MRO,Delivered,5000,18.3,16.88,,Yes,Pending,Verified,Paid,84400.0,,7100.000000000008,,Low Risk
PO-00015,Delta_Logistics,2022-01-31,2022-02-18,Electronics,Pending,5000,54.5,48.45,22.0,Yes,Completed,Pending,Not Paid,242250.0,18.0,30249.999999999985,0.0044,Low Risk
PO-00016,Beta_Supplies,2022-04-06,2022-04-21,Packaging,Delivered,5000,15.41,15.12,,Yes,Completed,Verified,Paid,75600.0,15.0,1450.0000000000045,,Low Risk
PO-00017,Delta_Logistics,2022-08-12,2022-08-31,MRO,Delivered,1173,61.54,55.49,172.0,No,Completed,Verified,Paid,65089.770000000004,19.0,7096.649999999997,0.1466325660699062,High Risk
PO-00018,Epsilon_Group,2022-08-27,2022-09-04,Raw Materials,Delivered,921,51.48,50.61,,Yes,Completed,Verified,Paid,46611.81,8.0,801.2699999999976,,Low Risk
PO-00019,Gamma_Co,2023-06-02,2023-06-05,Raw Materials,Partially Delivered,1737,97.53,87.37,79.0,Yes,Completed,Pending,Not Paid,151761.69,3.0,17647.919999999995,0.04548071387449626,Low Risk
PO-00020,Delta_Logistics,2023-09-09,2023-09-24,Raw Materials,Delivered,180,45.74,38.89,,No,Completed,Verified,Paid,7000.2,15.0,1233.0000000000002,,Low Risk
PO-00021,Epsilon_Group,2022-01-28,2022-02-12,Electronics,Cancelled,1735,20.54,19.69,49.0,Yes,Completed,Pending,Not Paid,34162.15,15.0,1474.7499999999964,0.02824207492795389,Low Risk
PO-00022,Delta_Logistics,2023-07-29,2023-08-11,Raw Materials,Delivered,1382,24.93,23.75,,Yes,Completed,Verified,Paid,32822.5,13.0,1630.7599999999995,,Low Risk
PO-00023,Epsilon_Group,2022-07-23,2022-08-08,MRO,Delivered,819,80.89,77.03,29.0,Yes,Completed,Verified,Paid,63087.57,16.0,3161.3399999999997,0.03540903540903541,Low Risk
PO-00024,Beta_Supplies,2023-10-28,2023-11-03,Office Supplies,Partially Delivered,393,72.53,66.31,42.0,No,Completed,Pending,Not Paid,26059.83,6.0,2444.4599999999996,0.10687022900763359,High Risk
PO-00025,Beta_Supplies,2023-12-20,2024-01-01,MRO,Delivered,1565,21.3,20.09,161.0,Yes,Completed,Verified,Paid,31440.85,12.0,1893.6500000000012,0.10287539936102237,High Risk
PO-00026,Epsilon_Group,2023-07-13,2023-07-24,Packaging,Delivered,1487,19.15,17.24,,Yes,Completed,Verified,Paid,25635.879999999997,11.0,2840.17,,Low Risk
PO-00027,Alpha_Inc,2023-03-06,2023-03-26,MRO,Delivered,855,78.2,67.16,17.0,Yes,Completed,Verified,Paid,57421.799999999996,20.0,9439.200000000006,0.019883040935672516,Low Risk
PO-00028,Epsilon_Group,2022-08-14,2022-08-23,Raw Materials,Delivered,435,17.13,15.84,8.0,Yes,Completed,Verified,Paid,6890.4,9.0,561.1499999999996,0.01839080459770115,Low Risk
PO-00029,Delta_Logistics,2023-04-05,2023-04-22,MRO,Delivered,1265,90.26,79.47,187.0,Yes,Completed,Verified,Paid,100529.55,17.0,13649.350000000008,0.14782608695652175,High Risk
PO-00030,Epsilon_Group,2023-08-27,,MRO,Delivered,1005,80.55,73.31,30.0,Yes,Pending,Verified,Paid,73676.55,,7276.199999999995,0.029850746268656716,Low Risk
PO-00031,Gamma_Co,2022-10-12,2022-10-26,Electronics,Delivered,326,18.1,15.92,,No,Completed,Verified,Paid,5189.92,14.0,710.6800000000005,,Low Risk
PO-00032,Alpha_Inc,2022-01-07,2022-01-15,Office Supplies,Delivered,1234,17.64,15.66,26.0,Yes,Completed,Verified,Paid,19324.44,8.0,2443.3200000000006,0.02106969205834684,Low Risk
PO-00033,Epsilon_Group,2022-06-13,2022-06-29,MRO,Delivered,509,101.27,97.82,19.0,Yes,Completed,Verified,Paid,49790.38,16.0,1756.0500000000015,0.03732809430255403,Low Risk
PO-00034,Alpha_Inc,2023-12-16,2023-12-17,Packaging,Delivered,1387,48.71,43.71,27.0,Yes,Completed,Verified,Paid,60625.770000000004,1.0,6935.0,0.01946647440519106,Low Risk
PO-00035,Alpha_Inc,2023-03-09,2023-03-17,MRO,Delivered,71,46.39,43.18,0.0,Yes,Completed,Verified,Paid,3065.78,8.0,227.91000000000005,0.0,Low Risk
PO-00036,Epsilon_Group,2022-12-15,2022-12-23,Office Supplies,Delivered,302,87.73,81.52,9.0,Yes,Completed,Verified,Paid,24619.039999999997,8.0,1875.4200000000023,0.029801324503311258,Low Risk
PO-00037,Epsilon_Group,2022-10-12,2022-10-31,Office Supplies,Pending,797,99.54,91.37,18.0,Yes,Completed,Pending,Not Paid,72821.89,19.0,6511.490000000002,0.02258469259723965,Low Risk
PO-00038,Beta_Supplies,2022-06-09,2022-06-27,Office Supplies,Pending,906,101.21,90.9,94.0,Yes,Completed,Pending,Not Paid,82355.40000000001,18.0,9340.85999999999,0.10375275938189846,High Risk
PO-00039,Epsilon_Group,2022-08-09,2022-08-23,Office Supplies,Delivered,1634,80.53,76.15,50.0,Yes,Completed,Verified,Paid,124429.1,14.0,7156.919999999993,0.030599755201958383,Low Risk
PO-00040,Epsilon_Group,2022-12-11,,Office Supplies,Delivered,524,46.28,39.65,14.0,Yes,Pending,Verified,Paid,20776.6,,3474.1200000000013,0.026717557251908396,Low Risk
PO-00041,Beta_Supplies,2022-04-15,2022-04-27,Electronics,Delivered,1132,17.78,15.36,96.0,Yes,Completed,Verified,Paid,17387.52,12.0,2739.440000000002,0.08480565371024736,Low Risk
PO-00042,Beta_Supplies,2022-04-05,2022-04-14,Office Supplies,Delivered,560,81.14,77.87,34.0,No,Completed,Verified,Paid,43607.200000000004,9.0,1831.1999999999978,0.060714285714285714,Low Risk
PO-00043,Gamma_Co,2023-01-25,2023-02-02,Electronics,Delivered,1755,63.87,58.4,85.0,Yes,Completed,Verified,Paid,102492.0,8.0,9599.849999999999,0.04843304843304843,Low Risk
PO-00044,Epsilon_Group,2022-04-10,2022-04-17,MRO,Delivered,1549,48.9,42.42,48.0,Yes,Completed,Verified,Paid,65708.58,7.0,10037.519999999995,0.030987734021949646,Low Risk
PO-00045,Delta_Logistics,2023-01-03,2023-01-21,MRO,Delivered,749,97.07,94.16,123.0,Yes,Completed,Verified,Paid,70525.84,18.0,2179.5899999999974,0.16421895861148197,High Risk
PO-00046,Alpha_Inc,2022-12-19,,Electronics,Delivered,1025,21.11,19.25,15.0,Yes,Pending,Verified,Paid,19731.25,,1906.4999999999993,0.014634146341463415,Low Risk
PO-00047,Beta_Supplies,2023-09-11,2023-09-18,Raw Materials,Delivered,1856,59.77,50.81,191.0,Yes,Completed,Verified,Paid,94303.36,7.0,16629.760000000002,0.10290948275862069,High Risk
PO-00048,Epsilon_Group,2022-09-28,2022-10-14,Office Supplies,Delivered,239,11.46,11.28,4.0,Yes,Completed,Verified,Paid,2695.92,16.0,43.02000000000036,0.016736401673640166,Low Risk
PO-00049,Delta_Logistics,2022-02-14,2022-03-05,Office Supplies,Pending,1007,52.44,46.06,167.0,Yes,Completed,Pending,Not Paid,46382.420000000006,19.0,6424.659999999995,0.16583912611717974,High Risk
PO-00050,Alpha_Inc,2023-04-16,,MRO,Pending,736,16.2,15.33,18.0,Yes,Pending,Pending,Not Paid,11282.88,,640.3199999999995,0.024456521739130436,Low Risk
PO-00051,Epsilon_Group,2023-07-04,2023-07-14,Electronics,Delivered,1007,22.56,19.59,,Yes,Completed,Verified,Paid,19727.13,10.0,2990.789999999999,,Low Risk
PO-00052,Delta_Logistics,2022-05-08,,Office Supplies,Delivered,612,20.99,19.75,102.0,Yes,Pending,Verified,Paid,12087.0,,758.8799999999991,0.16666666666666666,High Risk
PO-00053,Alpha_Inc,2023-01-23,2023-02-02,MRO,Pending,1949,72.53,63.26,48.0,No,Completed,Pending,Not Paid,123293.73999999999,10.0,18067.230000000007,0.024628014366341714,Low Risk
PO-00054,Delta_Logistics,2022-03-22,2022-03-28,Office Supplies,Cancelled,1640,77.92,76.41,262.0,No,Completed,Pending,Not Paid,125312.4,6.0,2476.4000000000083,0.1597560975609756,High Risk
PO-00055,Beta_Supplies,2023-07-20,2023-08-07,Electronics,Delivered,1317,68.13,60.52,136.0,Yes,Completed,Verified,Paid,79704.84000000001,18.0,10022.36999999999,0.10326499620349279,High Risk
PO-00056,Epsilon_Group,2022-10-28,2022-10-30,Raw Materials,Delivered,881,100.94,95.05,30.0,Yes,Completed,Verified,Paid,83739.05,2.0,5189.09,0.0340522133938706,Low Risk
PO-00057,Delta_Logistics,2023-10-06,,Packaging,Delivered,1578,48.33,42.77,206.0,Yes,Pending,Verified,Paid,67491.06,,8773.679999999993,0.13054499366286437,High Risk
PO-00058,Delta_Logistics,2023-09-26,2023-10-01,MRO,Delivered,1204,39.29,35.44,,Yes,Completed,Verified,Paid,42669.759999999995,5.0,4635.4000000000015,,Low Risk
PO-00059,Epsilon_Group,2023-01-06,2023-01-22,MRO,Pending,1558,93.46,91.27,39.0,Yes,Completed,Pending,Not Paid,142198.66,16.0,3412.0199999999963,0.02503209242618742,Low Risk
PO-00060,Alpha_Inc,2023-08-15,2023-08-16,Packaging,Delivered,1892,32.99,28.81,35.0,Yes,Completed,Verified,Paid,54508.52,1.0,7908.560000000006,0.01849894291754757,Low Risk
PO-00061,Epsilon_Group,2022-07-16,2022-08-01,Packaging,Delivered,696,99.59,90.18,25.0,Yes,Completed,Verified,Paid,62765.280000000006,16.0,6549.359999999998,0.035919540229885055,Low Risk
PO-00062,Delta_Logistics,2023-12-23,2024-01-03,MRO,Partially Delivered,70,12.37,11.04,10.0,Yes,Completed,Pending,Not Paid,772.8,11.0,93.10000000000001,0.14285714285714285,High Risk
PO-00063,Gamma_Co,2022-03-13,2022-03-15,Raw Materials,Delivered,890,98.26,93.14,49.0,Yes,Completed,Verified,Paid,82894.6,2.0,4556.800000000004,0.0550561797752809,Low Risk
PO-00064,Alpha_Inc,2022-02-16,2022-03-04,MRO,Delivered,216,13.95,12.31,5.0,Yes,Completed,Verified,Paid,2658.96,16.0,354.2399999999997,0.023148148148148147,Low Risk
PO-00065,Delta_Logistics,2023-11-09,2023-11-12,Packaging,Delivered,1347,100.13,94.3,200.0,Yes,Completed,Verified,Paid,127022.09999999999,3.0,7853.0099999999975,0.14847809948032664,High Risk
PO-00066,Gamma_Co,2022-08-22,2022-08-25,Office Supplies,Partially Delivered,437,59.51,56.45,25.0,No,Completed,Pending,Not Paid,24668.65,3.0,1337.219999999998,0.057208237986270026,Low Risk
PO-00067,Alpha_Inc,2022-10-24,2022-10-26,Electronics,Delivered,650,103.84,88.28,12.0,Yes,Completed,Verified,Paid,57382.0,2.0,10114.000000000002,0.018461538461538463,Low Risk
PO-00068,Beta_Supplies,2022-03-23,2022-04-11,Office Supplies,Delivered,365,16.81,15.41,38.0,Yes,Completed,Verified,Paid,5624.65,19.0,510.9999999999995,0.10410958904109589,High Risk
PO-00069,Epsilon_Group,2022-08-27,,Raw Materials,Cancelled,63,61.94,53.8,,Yes,Pending,Pending,Not Paid,3389.3999999999996,,512.82,,Low Risk
PO-00070,Alpha_Inc,2022-04-14,2022-04-22,MRO,Delivered,291,98.7,87.02,9.0,Yes,Completed,Verified,Paid,25322.82,8.0,3398.880000000002,0.030927835051546393,Low Risk
PO-00071,Alpha_Inc,2023-01-25,2023-02-08,MRO,Cancelled,826,60.5,57.18,18.0,Yes,Completed,Pending,Not Paid,47230.68,14.0,2742.32,0.021791767554479417,Low Risk
PO-00072,Delta_Logistics,2022-10-12,2022-11-01,Electronics,Pending,1419,69.64,59.28,194.0,Yes,Completed,Pending,Not Paid,84118.32,20.0,14700.839999999998,0.13671599718111346,High Risk
PO-00073,Gamma_Co,2023-04-10,2023-04-27,Office Supplies,Delivered,614,78.06,73.95,40.0,Yes,Completed,Verified,Paid,45405.3,17.0,2523.5399999999995,0.06514657980456026,Low Risk
PO-00074,Alpha_Inc,2023-10-13,2023-10-28,Electronics,Delivered,947,56.25,54.25,19.0,Yes,Completed,Verified,Paid,51374.75,15.0,1894.0,0.02006335797254488,Low Risk
PO-00075,Epsilon_Group,2023-01-09,2023-01-28,Raw Materials,Delivered,1413,70.47,69.65,,Yes,Completed,Verified,Paid,98415.45000000001,19.0,1158.6599999999903,,Low Risk
PO-00076,Alpha_Inc,2022-06-16,,Office Supplies,Partially Delivered,141,64.15,58.32,,Yes,Pending,Pending,Not Paid,8223.12,,822.0300000000008,,Low Risk
PO-00077,Alpha_Inc,2023-01-15,2023-02-04,Office Supplies,Delivered,1440,96.57,83.87,36.0,Yes,Completed,Verified,Paid,120772.8,20.0,18287.999999999985,0.025,Low Risk
PO-00078,Delta_Logistics,2022-12-30,2023-01-03,Raw Materials,Delivered,1005,14.87,12.79,,No,Completed,Verified,Paid,12853.949999999999,4.0,2090.4,,Low Risk
PO-00079,Alpha_Inc,2022-08-03,,MRO,Delivered,1528,36.52,33.0,31.0,No,Pending,Verified,Paid,50424.0,,5378.560000000005,0.020287958115183247,Low Risk
PO-00080,Gamma_Co,2023-11-18,2023-11-25,MRO,Delivered,1501,106.05,100.99,77.0,No,Completed,Verified,Paid,151585.99,7.0,7595.060000000003,0.051299133910726186,Low Risk
PO-00081,Delta_Logistics,2022-10-01,2022-10-04,Packaging,Delivered,558,94.18,81.4,,No,Completed,Verified,Paid,45421.200000000004,3.0,7131.240000000001,,Low Risk
PO-00082,Beta_Supplies,2023-12-20,2023-12-26,MRO,Delivered,825,56.88,50.84,,Yes,Completed,Verified,Paid,41943.0,6.0,4982.999999999999,,Low Risk
PO-00083,Beta_Supplies,2023-12-01,2023-12-07,Electronics,Cancelled,84,73.38,71.42,9.0,Yes,Completed,Pending,Not Paid,5999.28,6.0,164.63999999999947,0.10714285714285714,High Risk
PO-00084,Delta_Logistics,2023-10-26,2023-11-10,Raw Materials,Delivered,255,38.64,33.59,27.0,No,Completed,Verified,Paid,8565.45,15.0,1287.7499999999993,0.10588235294117647,High Risk
PO-00085,Gamma_Co,2022-03-15,2022-03-31,MRO,Delivered,1154,27.2,26.07,58.0,Yes,Completed,Verified,Paid,30084.78,16.0,1304.0199999999988,0.05025996533795494,Low Risk
PO-00086,Delta_Logistics,2023-09-16,2023-09-24,Office Supplies,Delivered,1635,56.91,54.37,262.0,No,Completed,Verified,Paid,88894.95,8.0,4152.899999999999,0.1602446483180428,High Risk
PO-00087,Delta_Logistics,2023-10-13,2023-10-23,Raw Materials,Delivered,1945,46.19,40.12,278.0,No,Completed,Verified,Paid,78033.4,10.0,11806.150000000001,0.1429305912596401,High Risk
PO-00088,Delta_Logistics,2022-06-25,2022-07-10,MRO,Partially Delivered,1461,64.09,63.39,228.0,No,Completed,Pending,Not Paid,92612.79,15.0,1022.7000000000041,0.15605749486652978,High Risk
PO-00089,Delta_Logistics,2023-07-01,2023-07-09,Electronics,Delivered,1075,18.53,16.12,147.0,Yes,Completed,Verified,Paid,17329.0,8.0,2590.75,0.13674418604651162,High Risk
PO-00090,Alpha_Inc,2022-09-08,,Packaging,Delivered,1071,101.6,93.91,25.0,Yes,Pending,Verified,Paid,100577.61,,8235.989999999998,0.02334267040149393,Low Risk
PO-00091,Epsilon_Group,2022-06-17,2022-07-06,Packaging,Pending,1463,101.23,86.17,43.0,Yes,Completed,Pending,Not Paid,126066.71,19.0,22032.780000000002,0.02939166097060834,Low Risk
PO-00092,Beta_Supplies,2023-04-19,2023-04-26,Raw Materials,Delivered,615,78.3,73.68,69.0,Yes,Completed,Verified,Paid,45313.200000000004,7.0,2841.2999999999943,0.11219512195121951,High Risk
PO-00093,Gamma_Co,2023-01-24,2023-02-11,Electronics,Delivered,1179,61.74,56.28,,Yes,Completed,Verified,Paid,66354.12,18.0,6437.340000000001,,Low Risk
PO-00094,Alpha_Inc,2022-10-04,2022-10-09,Electronics,Partially Delivered,1845,39.56,37.63,45.0,Yes,Completed,Pending,Not Paid,69427.35,5.0,3560.8499999999995,0.024390243902439025,Low Risk
PO-00095,Beta_Supplies,2023-10-18,,Electronics,Cancelled,1895,91.98,86.27,170.0,Yes,Pending,Pending,Not Paid,163481.65,,10820.450000000015,0.08970976253298153,Low Risk
PO-00096,Epsilon_Group,2023-12-06,2023-12-09,MRO,Partially Delivered,1550,79.86,69.57,32.0,No,Completed,Pending,Not Paid,107833.49999999999,3.0,15949.50000000001,0.02064516129032258,Low Risk
PO-00097,Delta_Logistics,2023-07-25,2023-08-04,Packaging,Delivered,752,26.85,24.37,,No,Completed,Verified,Paid,18326.24,10.0,1864.9600000000003,,Low Risk
PO-00098,Epsilon_Group,2022-08-13,2022-09-01,Electronics,Delivered,451,95.2,90.07,21.0,Yes,Completed,Verified,Paid,40621.57,19.0,2313.630000000004,0.04656319290465632,Low Risk
PO-00099,Beta_Supplies,2023-12-03,,Office Supplies,Delivered,779,93.69,90.92,66.0,Yes,Pending,Verified,Paid,70826.68000000001,,2157.8299999999967,0.08472400513478819,Low Risk
PO-00100,Beta_Supplies,2022-11-29,2022-12-14,MRO,Pending,1629,100.26,86.44,187.0,No,Completed,Pending,Not Paid,140810.76,15.0,22512.780000000013,0.11479435236341314,High Risk
PO-00101,Alpha_Inc,2022-02-27,2022-02-22,Office Supplies,Delivered,211,75.69,65.4,2.0,Yes,Completed,Verified,Paid,13799.400000000001,-5.0,2171.1899999999982,0.009478672985781991,Low Risk
PO-00102,Alpha_Inc,2022-08-23,,Office Supplies,Delivered,251,67.49,64.48,2.0,Yes,Pending,Verified,Paid,16184.480000000001,,755.5099999999977,0.00796812749003984,Low Risk
PO-00103,Gamma_Co,2022-02-02,2022-02-18,Raw Materials,Delivered,1045,47.88,44.65,69.0,Yes,Completed,Verified,Paid,46659.25,16.0,3375.350000000004,0.0660287081339713,Low Risk
PO-00104,Delta_Logistics,2022-11-20,2022-12-10,MRO,Delivered,319,98.64,89.15,57.0,Yes,Completed,Verified,Paid,28438.850000000002,20.0,3027.3099999999986,0.1786833855799373,High Risk
PO-00105,Epsilon_Group,2023-02-15,2023-03-01,Office Supplies,Partially Delivered,1936,93.66,92.24,58.0,Yes,Completed,Pending,Not Paid,178576.63999999998,14.0,2749.1200000000035,0.029958677685950414,Low Risk
PO-00106,Delta_Logistics,2022-10-02,2022-10-22,MRO,Cancelled,865,14.7,13.14,135.0,No,Completed,Pending,Not Paid,11366.1,20.0,1349.399999999999,0.15606936416184972,High Risk
PO-00107,Epsilon_Group,2022-03-09,2022-03-12,Electronics,Delivered,1344,12.5,10.87,44.0,Yes,Completed,Verified,Paid,14609.279999999999,3.0,2190.720000000001,0.03273809523809524,Low Risk
PO-00108,Delta_Logistics,2022-08-05,2022-08-24,Raw Materials,Pending,505,45.42,40.37,62.0,Yes,Completed,Pending,Not Paid,20386.85,19.0,2550.2500000000023,0.12277227722772277,High Risk
PO-00109,Beta_Supplies,2023-08-04,2023-08-05,Packaging,Delivered,1535,90.83,78.28,151.0,No,Completed,Verified,Paid,120159.8,1.0,19264.249999999996,0.098371335504886,Low Risk
PO-00110,Beta_Supplies,2022-11-19,,Office Supplies,Delivered,1800,103.8,96.27,166.0,Yes,Pending,Verified,Paid,173286.0,,13554.000000000002,0.09222222222222222,Low Risk
PO-00111,Delta_Logistics,2022-08-06,2022-08-15,Raw Materials,Pending,1325,24.36,22.75,206.0,Yes,Completed,Pending,Not Paid,30143.75,9.0,2133.249999999999,0.15547169811320755,High Risk
PO-00112,Gamma_Co,2023-11-03,2023-11-09,Raw Materials,Delivered,1066,70.45,65.88,56.0,No,Completed,Verified,Paid,70228.08,6.0,4871.620000000008,0.0525328330206379,Low Risk
PO-00113,Beta_Supplies,2023-05-27,2023-06-11,Raw Materials,Delivered,1775,47.82,45.86,180.0,Yes,Completed,Verified,Paid,81401.5,15.0,3479.0000000000014,0.10140845070422536,High Risk
PO-00114,Gamma_Co,2023-02-10,,Raw Materials,Partially Delivered,345,103.62,98.09,25.0,No,Pending,Pending,Not Paid,33841.05,,1907.8500000000004,0.07246376811594203,Low Risk
PO-00115,Beta_Supplies,2023-10-21,2023-11-09,Electronics,Delivered,1798,94.8,91.83,,Yes,Completed,Verified,Paid,165110.34,19.0,5340.059999999998,,Low Risk
PO-00116,Alpha_Inc,2023-04-15,2023-05-01,MRO,Delivered,769,91.86,86.55,17.0,Yes,Completed,Verified,Paid,66556.95,16.0,4083.3900000000017,0.022106631989596878,Low Risk
PO-00117,Alpha_Inc,2022-05-27,,Packaging,Delivered,1822,53.23,47.49,39.0,Yes,Pending,Verified,Paid,86526.78,,10458.279999999992,0.021405049396267837,Low Risk
PO-00118,Delta_Logistics,2022-09-29,2022-10-13,Packaging,Delivered,387,49.23,45.41,61.0,Yes,Completed,Verified,Paid,17573.67,14.0,1478.3400000000001,0.15762273901808785,High Risk
PO-00119,Epsilon_Group,2022-05-23,2022-05-27,MRO,Delivered,928,35.3,32.52,26.0,Yes,Completed,Verified,Paid,30178.56,4.0,2579.8399999999947,0.028017241379310345,Low Risk
PO-00120,Alpha_Inc,2022-09-10,2022-09-21,Packaging,Partially Delivered,1126,15.68,14.97,27.0,Yes,Completed,Pending,Not Paid,16856.22,11.0,799.459999999999,0.023978685612788632,Low Risk
PO-00121,Beta_Supplies,2023-07-29,2023-08-14,Raw Materials,Cancelled,841,95.73,85.33,81.0,Yes,Completed,Pending,Not Paid,71762.53,16.0,8746.400000000005,0.09631391200951249,Low Risk
PO-00122,Beta_Supplies,2023-07-06,2023-07-19,Electronics,Delivered,1995,90.65,77.75,206.0,Yes,Completed,Verified,Paid,155111.25,13.0,25735.50000000001,0.10325814536340852,High Risk
PO-00123,Alpha_Inc,2022-09-27,2022-10-15,Raw Materials,Delivered,266,103.97,101.44,6.0,Yes,Completed,Verified,Paid,26983.04,18.0,672.9800000000002,0.022556390977443608,Low Risk
PO-00124,Alpha_Inc,2023-08-22,2023-08-25,Raw Materials,Cancelled,813,109.17,107.39,14.0,Yes,Completed,Pending,Not Paid,87308.07,3.0,1447.140000000001,0.017220172201722016,Low Risk
PO-00125,Epsilon_Group,2023-03-15,2023-03-26,Electronics,Delivered,237,64.19,59.01,7.0,Yes,Completed,Verified,Paid,13985.369999999999,11.0,1227.6599999999999,0.029535864978902954,Low Risk
PO-00126,Alpha_Inc,2023-08-21,2023-09-03,Office Supplies,Cancelled,429,86.73,75.09,9.0,Yes,Completed,Pending,Not Paid,32213.61,13.0,4993.56,0.02097902097902098,Low Risk
PO-00127,Delta_Logistics,2023-02-13,2023-02-14,Packaging,Delivered,542,101.21,93.11,78.0,No,Completed,Verified,Paid,50465.62,1.0,4390.199999999997,0.14391143911439114,High Risk
PO-00128,Epsilon_Group,2023-01-06,2023-01-24,Electronics,Delivered,1114,91.66,85.53,35.0,Yes,Completed,Verified,Paid,95280.42,18.0,6828.819999999995,0.03141831238779174,Low Risk
PO-00129,Alpha_Inc,2022-08-13,2022-08-15,MRO,Delivered,1230,33.39,30.85,26.0,Yes,Completed,Verified,Paid,37945.5,2.0,3124.199999999999,0.02113821138211382,Low Risk
PO-00130,Beta_Supplies,2022-05-22,2022-06-03,MRO,Delivered,64,51.56,50.88,5.0,Yes,Completed,Verified,Paid,3256.32,12.0,43.51999999999998,0.078125,Low Risk
PO-00131,Alpha_Inc,2023-06-06,2023-06-22,MRO,Delivered,1886,23.46,23.18,,Yes,Completed,Verified,Paid,43717.479999999996,16.0,528.0800000000022,,Low Risk
PO-00132,Delta_Logistics,2023-05-21,2023-05-23,Office Supplies,Delivered,114,103.53,101.54,14.0,Yes,Completed,Verified,Paid,11575.560000000001,2.0,226.85999999999942,0.12280701754385964,High Risk
PO-00133,Delta_Logistics,2022-04-04,2022-04-22,Electronics,Cancelled,1930,65.52,56.9,282.0,Yes,Completed,Pending,Not Paid,109817.0,18.0,16636.599999999995,0.1461139896373057,High Risk
PO-00134,Beta_Supplies,2022-02-18,2022-02-28,Office Supplies,Pending,1912,30.73,29.82,191.0,Yes,Completed,Pending,Not Paid,57015.840000000004,10.0,1739.9200000000003,0.09989539748953975,Low Risk
PO-00135,Epsilon_Group,2022-04-23,2022-05-09,MRO,Delivered,570,71.51,66.47,,Yes,Completed,Verified,Paid,37887.9,16.0,2872.8000000000034,,Low Risk
PO-00136,Beta_Supplies,2022-06-06,2022-06-26,Raw Materials,Delivered,1417,67.27,60.62,,Yes,Completed,Verified,Paid,85898.54,20.0,9423.049999999997,,Low Risk
PO-00137,Alpha_Inc,2023-10-05,2023-10-11,Raw Materials,Delivered,1202,46.67,44.13,21.0,No,Completed,Verified,Paid,53044.26,6.0,3053.079999999999,0.01747088186356073,Low Risk
PO-00138,Beta_Supplies,2022-06-13,2022-06-14,Office Supplies,Delivered,697,20.73,19.83,78.0,No,Completed,Verified,Paid,13821.509999999998,1.0,627.3000000000014,0.11190817790530846,High Risk
PO-00139,Epsilon_Group,2023-11-28,2023-12-01,MRO,Delivered,1545,78.19,76.91,42.0,Yes,Completed,Verified,Paid,118825.95,3.0,1977.6000000000017,0.027184466019417475,Low Risk
PO-00140,Gamma_Co,2023-03-09,2023-03-13,MRO,Partially Delivered,1136,60.81,58.25,62.0,Yes,Completed,Pending,Not Paid,66172.0,4.0,2908.1600000000026,0.05457746478873239,Low Risk
PO-00141,Beta_Supplies,2023-09-03,2023-09-07,MRO,Delivered,1212,87.46,74.55,118.0,No,Completed,Verified,Paid,90354.59999999999,4.0,15646.919999999996,0.09735973597359736,Low Risk
PO-00142,Epsilon_Group,2022-03-07,2022-03-12,MRO,Delivered,1572,57.38,49.32,40.0,Yes,Completed,Verified,Paid,77531.04,5.0,12670.320000000003,0.02544529262086514,Low Risk
PO-00143,Gamma_Co,2023-01-30,2023-02-09,Electronics,Delivered,642,91.9,81.49,26.0,Yes,Completed,Verified,Paid,52316.579999999994,10.0,6683.220000000007,0.040498442367601244,Low Risk
PO-00144,Epsilon_Group,2023-01-26,2023-02-04,Office Supplies,Delivered,441,63.25,54.12,16.0,Yes,Completed,Verified,Paid,23866.92,9.0,4026.3300000000013,0.036281179138321996,Low Risk
PO-00145,Epsilon_Group,2023-09-03,2023-09-19,Office Supplies,Delivered,1748,66.53,57.11,,Yes,Completed,Verified,Paid,99828.28,16.0,16466.160000000003,,Low Risk
PO-00146,Gamma_Co,2023-04-25,,Electronics,Pending,468,95.57,91.8,24.0,Yes,Pending,Pending,Not Paid,42962.4,,1764.359999999998,0.05128205128205128,Low Risk
PO-00147,Beta_Supplies,2023-06-26,2023-07-14,Raw Materials,Delivered,338,50.25,46.28,49.0,No,Completed,Verified,Paid,15642.640000000001,18.0,1341.8599999999997,0.14497041420118342,High Risk
PO-00148,Gamma_Co,2022-09-15,2022-09-22,Office Supplies,Delivered,428,22.94,21.52,26.0,Yes,Completed,Verified,Paid,9210.56,7.0,607.7600000000007,0.06074766355140187,Low Risk
PO-00149,Beta_Supplies,2023-07-21,,Packaging,Delivered,1846,13.72,12.62,216.0,Yes,Pending,Verified,Paid,23296.519999999997,,2030.6000000000026,0.11700975081256772,High Risk
PO-00150,Epsilon_Group,2022-01-12,2022-01-17,Office Supplies,Delivered,1563,77.96,70.8,41.0,Yes,Completed,Verified,Paid,110660.4,5.0,11191.079999999994,0.026231605886116442,Low Risk
PO-00151,Beta_Supplies,2023-11-28,2023-12-07,Office Supplies,Delivered,280,73.07,69.29,30.0,Yes,Completed,Verified,Paid,19401.2,9.0,1058.3999999999965,0.10714285714285714,High Risk
PO-00152,Delta_Logistics,2022-04-28,2022-05-12,Raw Materials,Delivered,1067,74.47,64.16,,No,Completed,Verified,Paid,68458.72,14.0,11000.770000000002,,Low Risk
PO-00153,Gamma_Co,2023-11-30,2023-12-17,Electronics,Pending,90,32.38,29.96,7.0,Yes,Completed,Pending,Not Paid,2696.4,17.0,217.80000000000015,0.07777777777777778,Low Risk
PO-00154,Gamma_Co,2023-07-04,2023-07-05,Raw Materials,Delivered,1101,24.28,22.73,59.0,No,Completed,Verified,Paid,25025.73,1.0,1706.5500000000009,0.053587647593097185,Low Risk
PO-00155,Alpha_Inc,2022-10-01,2022-10-11,Raw Materials,Delivered,184,11.82,10.51,4.0,Yes,Completed,Verified,Paid,1933.84,10.0,241.04000000000008,0.021739130434782608,Low Risk
PO-00156,Epsilon_Group,2023-10-19,2023-11-07,Electronics,Delivered,250,45.92,41.02,3.0,Yes,Completed,Verified,Paid,10255.0,19.0,1224.9999999999995,0.012,Low Risk
PO-00157,Epsilon_Group,2022-12-15,,Packaging,Cancelled,1913,66.56,61.34,61.0,Yes,Pending,Pending,Not Paid,117343.42000000001,,9985.859999999997,0.03188708834291688,Low Risk
PO-00158,Beta_Supplies,2022-04-25,2022-04-30,Electronics,Delivered,829,45.98,40.39,,Yes,Completed,Verified,Paid,33483.31,5.0,4634.109999999997,,Low Risk
PO-00159,Delta_Logistics,2022-10-28,2022-11-13,Raw Materials,Delivered,979,51.59,49.69,148.0,Yes,Completed,Verified,Paid,48646.509999999995,16.0,1860.1000000000056,0.1511746680286006,High Risk
PO-00160,Epsilon_Group,2023-03-22,2023-04-09,Electronics,Partially Delivered,1106,97.77,90.45,31.0,Yes,Completed,Pending,Not Paid,100037.7,18.0,8095.919999999993,0.02802893309222423,Low Risk
PO-00161,Delta_Logistics,2022-06-11,2022-06-24,Office Supplies,Pending,1121,42.38,38.34,152.0,Yes,Completed,Pending,Not Paid,42979.14000000001,13.0,4528.839999999999,0.13559322033898305,High Risk
PO-00162,Alpha_Inc,2023-04-10,2023-04-21,Office Supplies,Delivered,552,60.48,56.78,10.0,Yes,Completed,Verified,Paid,31342.56,11.0,2042.3999999999976,0.018115942028985508,Low Risk
PO-00163,Gamma_Co,2022-01-04,2022-01-12,Packaging,Delivered,456,80.53,77.86,26.0,Yes,Completed,Verified,Paid,35504.159999999996,8.0,1217.520000000001,0.05701754385964912,Low Risk
PO-00164,Delta_Logistics,2022-09-27,2022-10-05,Packaging,Delivered,1647,47.52,44.92,,Yes,Completed,Verified,Paid,73983.24,8.0,4282.200000000003,,Low Risk
PO-00165,Epsilon_Group,2023-05-28,2023-06-11,Electronics,Pending,1801,71.27,61.24,43.0,Yes,Completed,Pending,Not Paid,110293.24,14.0,18064.029999999988,0.02387562465297057,Low Risk
PO-00166,Gamma_Co,2022-07-02,2022-07-18,Electronics,Delivered,854,90.24,85.53,,Yes,Completed,Verified,Paid,73042.62,16.0,4022.3399999999947,,Low Risk
PO-00167,Delta_Logistics,2023-06-04,2023-06-17,Electronics,Delivered,148,103.57,98.62,23.0,No,Completed,Verified,Paid,14595.76,13.0,732.5999999999983,0.1554054054054054,High Risk
PO-00168,Delta_Logistics,2022-04-19,2022-04-24,MRO,Delivered,733,23.59,22.85,92.0,Yes,Completed,Verified,Paid,16749.05,5.0,542.4199999999988,0.12551159618008187,High Risk
PO-00169,Beta_Supplies,2023-10-03,2023-10-05,Raw Materials,Delivered,1945,103.2,88.56,,Yes,Completed,Verified,Paid,172249.2,2.0,28474.800000000003,,Low Risk
PO-00170,Gamma_Co,2022-11-02,2022-11-21,Raw Materials,Delivered,775,57.0,49.14,48.0,Yes,Completed,Verified,Paid,38083.5,19.0,6091.5,0.06193548387096774,Low Risk
PO-00171,Delta_Logistics,2023-10-17,2023-10-21,Packaging,Delivered,1620,36.73,33.45,235.0,No,Completed,Verified,Paid,54189.00000000001,4.0,5313.59999999999,0.14506172839506173,High Risk
PO-00172,Beta_Supplies,2023-06-04,2023-06-19,Office Supplies,Delivered,1010,55.68,50.86,,Yes,Completed,Verified,Paid,51368.6,15.0,4868.200000000001,,Low Risk
PO-00173,Epsilon_Group,2023-09-16,2023-10-01,Office Supplies,Delivered,1812,108.02,101.02,51.0,Yes,Completed,Verified,Paid,183048.24,15.0,12684.0,0.028145695364238412,Low Risk
PO-00174,Delta_Logistics,2022-07-23,2022-07-28,Office Supplies,Delivered,662,55.97,50.0,100.0,Yes,Completed,Verified,Paid,33100.0,5.0,3952.1399999999994,0.1510574018126888,High Risk
PO-00175,Beta_Supplies,2022-06-06,2022-06-11,Office Supplies,Pending,1535,40.58,38.71,165.0,Yes,Completed,Pending,Not Paid,59419.85,5.0,2870.449999999996,0.10749185667752444,High Risk
PO-00176,Beta_Supplies,2023-01-18,2023-01-27,Raw Materials,Delivered,692,71.03,67.74,70.0,Yes,Completed,Verified,Paid,46876.079999999994,9.0,2276.6800000000044,0.10115606936416185,High Risk
PO-00177,Gamma_Co,2022-06-15,2022-06-28,MRO,Delivered,1842,32.4,28.08,96.0,Yes,Completed,Verified,Paid,51723.35999999999,13.0,7957.4400000000005,0.05211726384364821,Low Risk
PO-00178,Beta_Supplies,2023-07-07,2023-07-18,Office Supplies,Cancelled,1078,18.34,17.41,102.0,Yes,Completed,Pending,Not Paid,18767.98,11.0,1002.5399999999997,0.09461966604823747,Low Risk
PO-00179,Delta_Logistics,2023-06-28,2023-07-16,Packaging,Delivered,1291,23.44,22.23,,Yes,Completed,Verified,Paid,28698.93,18.0,1562.110000000001,,Low Risk
PO-00180,Alpha_Inc,2022-01-01,2022-01-12,Electronics,Delivered,552,21.52,18.79,13.0,Yes,Completed,Verified,Paid,10372.08,11.0,1506.9600000000003,0.02355072463768116,Low Risk
PO-00181,Epsilon_Group,2023-09-06,2023-09-22,Electronics,Delivered,816,26.04,25.61,28.0,Yes,Completed,Verified,Paid,20897.76,16.0,350.87999999999977,0.03431372549019608,Low Risk
PO-00182,Delta_Logistics,2022-11-28,2022-11-30,Packaging,Delivered,447,23.62,21.81,50.0,Yes,Completed,Verified,Paid,9749.07,2.0,809.0700000000011,0.11185682326621924,High Risk
PO-00183,Delta_Logistics,2023-05-16,2023-05-24,Packaging,Partially Delivered,920,73.09,70.14,,Yes,Completed,Pending,Not Paid,64528.8,8.0,2714.0000000000027,,Low Risk
PO-00184,Epsilon_Group,2022-01-20,2022-01-30,Packaging,Partially Delivered,844,26.37,25.08,38.0,Yes,Completed,Pending,Not Paid,21167.519999999997,10.0,1088.7600000000023,0.045023696682464455,Low Risk
PO-00185,Epsilon_Group,2022-04-25,,MRO,Delivered,442,41.73,36.45,15.0,Yes,Pending,Verified,Paid,16110.900000000001,,2333.7599999999975,0.033936651583710405,Low Risk
PO-00186,Beta_Supplies,2023-01-07,2023-01-21,Electronics,Cancelled,256,96.15,83.44,26.0,Yes,Completed,Pending,Not Paid,21360.64,14.0,3253.760000000002,0.1015625,High Risk
PO-00187,Delta_Logistics,2022-11-11,,MRO,Partially Delivered,1088,55.29,53.04,161.0,No,Pending,Pending,Not Paid,57707.52,,2448.0,0.1479779411764706,High Risk
PO-00188,Beta_Supplies,2022-09-03,2022-09-07,Office Supplies,Delivered,1931,72.88,64.69,187.0,Yes,Completed,Verified,Paid,124916.39,4.0,15814.889999999996,0.09684101501812532,Low Risk
PO-00189,Gamma_Co,2022-03-01,2022-03-11,Electronics,Delivered,1627,25.76,25.09,74.0,Yes,Completed,Verified,Paid,40821.43,10.0,1090.0900000000029,0.04548248309772587,Low Risk
PO-00190,Beta_Supplies,2022-09-04,,Packaging,Delivered,941,28.4,27.21,,No,Pending,Verified,Paid,25604.61,,1119.789999999998,,Low Risk
PO-00191,Gamma_Co,2023-08-04,2023-08-06,MRO,Delivered,1534,14.98,12.79,,Yes,Completed,Verified,Paid,19619.859999999997,2.0,3359.460000000002,,Low Risk
PO-00192,Alpha_Inc,2022-03-22,2022-04-03,Raw Materials,Delivered,1764,25.46,24.52,46.0,Yes,Completed,Verified,Paid,43253.28,12.0,1658.1600000000024,0.026077097505668934,Low Risk
PO-00193,Delta_Logistics,2022-03-29,2022-04-06,Electronics,Delivered,1648,35.42,31.46,,No,Completed,Verified,Paid,51846.08,8.0,6526.080000000002,,Low Risk
PO-00194,Gamma_Co,2023-05-13,2023-06-01,Packaging,Delivered,913,28.01,24.06,53.0,Yes,Completed,Verified,Paid,21966.78,19.0,3606.3500000000026,0.05805038335158817,Low Risk
PO-00195,Alpha_Inc,2022-03-12,2022-03-18,Packaging,Cancelled,792,18.16,17.25,17.0,Yes,Completed,Pending,Not Paid,13662.0,6.0,720.7200000000001,0.021464646464646464,Low Risk
PO-00196,Epsilon_Group,2023-06-30,2023-07-03,Office Supplies,Partially Delivered,1314,22.63,21.06,44.0,Yes,Completed,Pending,Not Paid,27672.839999999997,3.0,2062.9800000000005,0.0334855403348554,Low Risk
PO-00197,Beta_Supplies,2022-05-09,2022-05-22,MRO,Delivered,613,52.5,45.19,70.0,Yes,Completed,Verified,Paid,27701.469999999998,13.0,4481.030000000002,0.11419249592169657,High Risk
PO-00198,Alpha_Inc,2022-05-12,2022-05-20,Office Supplies,Delivered,1070,29.14,26.63,24.0,Yes,Completed,Verified,Paid,28494.1,8.0,2685.7000000000016,0.022429906542056073,Low Risk
PO-00199,Gamma_Co,2023-11-07,2023-11-26,Raw Materials,Partially Delivered,145,47.49,42.76,6.0,Yes,Completed,Pending,Not Paid,6200.2,19.0,685.8500000000006,0.041379310344827586,Low Risk
PO-00200,Delta_Logistics,2023-05-02,2023-05-17,Raw Materials,Delivered,1973,59.73,54.95,291.0,Yes,Completed,Verified,Paid,108416.35,15.0,9430.939999999988,0.14749113025848962,High Risk
PO-00201,Epsilon_Group,2023-07-17,2023-08-01,Office Supplies,Delivered,1807,78.63,73.08,100.0,Yes,Completed,Verified,Paid,132055.56,15.0,10028.849999999995,0.05534034311012728,Low Risk
PO-00202,Epsilon_Group,2022-06-19,2022-06-20,Electronics,Delivered,534,13.88,12.51,100.0,Yes,Completed,Verified,Paid,6680.34,1.0,731.5800000000005,0.18726591760299627,High Risk
PO-00203,Alpha_Inc,2022-09-29,2022-10-14,Electronics,Delivered,1480,85.22,75.48,100.0,Yes,Completed,Verified,Paid,111710.40000000001,15.0,14415.199999999992,0.06756756756756757,Low Risk
PO-00204,Alpha_Inc,2023-06-25,,Office Supplies,Delivered,280,72.16,62.38,100.0,Yes,Pending,Verified,Paid,17466.4,,2738.3999999999983,0.35714285714285715,High Risk
PO-00205,Beta_Supplies,2023-09-14,2023-09-20,Office Supplies,Cancelled,798,19.09,17.76,100.0,Yes,Completed,Pending,Not Paid,14172.480000000001,6.0,1061.3399999999986,0.12531328320802004,High Risk
PO-00206,Epsilon_Group,2023-03-10,2023-03-22,Electronics,Delivered,1728,94.83,90.2,100.0,Yes,Completed,Verified,Paid,155865.6,12.0,8000.639999999992,0.05787037037037037,Low Risk
PO-00207,Epsilon_Group,2022-08-05,,MRO,Delivered,1244,96.13,84.78,43.0,Yes,Pending,Verified,Paid,105466.32,,14119.399999999992,0.03456591639871383,Low Risk
PO-00208,Beta_Supplies,2023-07-07,2023-07-21,Office Supplies,Delivered,590,16.89,15.56,46.0,No,Completed,Verified,Paid,9180.4,14.0,784.7,0.07796610169491526,Low Risk
PO-00209,Delta_Logistics,2023-12-08,2023-12-23,Packaging,Delivered,1109,38.93,33.33,152.0,Yes,Completed,Verified,Paid,36962.97,15.0,6210.4000000000015,0.13706041478809738,High Risk
PO-00210,Beta_Supplies,2022-07-25,2022-08-01,MRO,Delivered,574,85.03,82.55,54.0,Yes,Completed,Verified,Paid,47383.7,7.0,1423.5200000000023,0.09407665505226481,Low Risk
PO-00211,Gamma_Co,2024-01-01,,Office Supplies,Delivered,1233,86.62,76.59,65.0,Yes,Pending,Verified,Paid,94435.47,,12366.990000000002,0.05271695052716951,Low Risk
PO-00212,Gamma_Co,2022-11-16,2022-11-20,Packaging,Delivered,1912,27.94,25.59,83.0,No,Completed,Verified,Paid,48928.08,4.0,4493.200000000003,0.043410041841004186,Low Risk
PO-00213,Alpha_Inc,2023-02-13,2023-03-04,Packaging,Delivered,1772,30.72,27.76,46.0,No,Completed,Verified,Paid,49190.72,19.0,5245.119999999995,0.025959367945823927,Low Risk
PO-00214,Beta_Supplies,2023-11-19,2023-11-29,Office Supplies,Delivered,1316,48.11,41.9,135.0,Yes,Completed,Verified,Paid,55140.4,10.0,8172.3600000000015,0.10258358662613981,High Risk
PO-00215,Beta_Supplies,2023-10-28,,Office Supplies,Delivered,1159,59.24,58.08,,Yes,Pending,Verified,Paid,67314.72,,1344.4400000000044,,Low Risk
PO-00216,Alpha_Inc,2023-01-18,2023-01-31,Office Supplies,Delivered,1869,69.58,67.5,31.0,Yes,Completed,Verified,Paid,126157.5,13.0,3887.519999999997,0.01658640984483681,Low Risk
PO-00217,Delta_Logistics,2023-03-25,2023-04-13,Packaging,Delivered,627,46.23,42.87,,Yes,Completed,Verified,Paid,26879.489999999998,19.0,2106.72,,Low Risk
PO-00218,Beta_Supplies,2023-06-14,2023-06-16,Raw Materials,Pending,731,56.02,54.78,70.0,No,Completed,Pending,Not Paid,40044.18,2.0,906.4400000000014,0.09575923392612859,Low Risk
PO-00219,Epsilon_Group,2023-04-08,,Office Supplies,Cancelled,606,83.07,79.22,16.0,Yes,Pending,Pending,Not Paid,48007.32,,2333.0999999999967,0.026402640264026403,Low Risk
PO-00220,Beta_Supplies,2022-05-04,2022-05-14,Office Supplies,Delivered,1647,13.57,12.33,157.0,Yes,Completed,Verified,Paid,20307.51,10.0,2042.2800000000004,0.09532483302975106,Low Risk
PO-00221,Delta_Logistics,2022-09-11,2022-09-19,MRO,Delivered,1062,34.03,30.46,,Yes,Completed,Verified,Paid,32348.52,8.0,3791.34,,Low Risk
PO-00222,Beta_Supplies,2022-08-19,2022-08-31,Office Supplies,Delivered,695,76.8,69.76,,No,Completed,Verified,Paid,48483.200000000004,12.0,4892.799999999995,,Low Risk
PO-00223,Epsilon_Group,2022-03-07,2022-03-14,MRO,Delivered,845,91.47,86.97,,Yes,Completed,Verified,Paid,73489.65,7.0,3802.5,,Low Risk
PO-00224,Gamma_Co,2022-12-13,2022-12-18,MRO,Delivered,1101,59.13,52.51,54.0,Yes,Completed,Verified,Paid,57813.509999999995,5.0,7288.620000000005,0.04904632152588556,Low Risk
PO-00225,Gamma_Co,2022-01-22,2022-01-24,Raw Materials,Delivered,1693,57.89,49.84,88.0,Yes,Completed,Verified,Paid,84379.12000000001,2.0,13628.649999999996,0.05197873597164796,Low Risk
PO-00226,Delta_Logistics,2023-08-26,2023-09-10,Office Supplies,Cancelled,1629,21.51,19.41,250.0,No,Completed,Pending,Not Paid,31618.89,15.0,3420.9000000000024,0.1534683855125844,High Risk
PO-00227,Delta_Logistics,2023-07-22,2023-08-03,Raw Materials,Delivered,1413,54.79,50.42,,Yes,Completed,Verified,Paid,71243.46,12.0,6174.809999999997,,Low Risk
PO-00228,Epsilon_Group,2022-08-24,2022-08-27,Packaging,Delivered,1871,59.96,58.54,47.0,Yes,Completed,Verified,Paid,109528.34,3.0,2656.8200000000033,0.02512025654730091,Low Risk
PO-00229,Gamma_Co,2023-08-26,,Raw Materials,Delivered,1404,34.85,30.5,78.0,Yes,Pending,Verified,Paid,42822.0,,6107.400000000002,0.05555555555555555,Low Risk
PO-00230,Gamma_Co,2022-08-14,2022-08-28,Electronics,Delivered,1713,35.43,34.11,74.0,Yes,Completed,Verified,Paid,58430.43,14.0,2261.1600000000003,0.04319906596614127,Low Risk
PO-00231,Gamma_Co,2022-01-08,2022-01-13,Electronics,Delivered,1579,43.96,43.41,74.0,Yes,Completed,Verified,Paid,68544.39,5.0,868.4500000000068,0.046865104496516784,Low Risk
PO-00232,Gamma_Co,2022-03-14,2022-03-26,Electronics,Delivered,1421,11.92,11.72,76.0,Yes,Completed,Verified,Paid,16654.120000000003,12.0,284.19999999999897,0.05348346235045742,Low Risk
PO-00233,Epsilon_Group,2023-12-26,2024-01-04,MRO,Delivered,1546,43.47,37.37,53.0,Yes,Completed,Verified,Paid,57774.02,9.0,9430.600000000002,0.03428201811125485,Low Risk
PO-00234,Delta_Logistics,2023-10-09,2023-10-18,Electronics,Delivered,1304,32.08,29.36,,Yes,Completed,Verified,Paid,38285.44,9.0,3546.8799999999983,,Low Risk
PO-00235,Delta_Logistics,2022-03-02,,Raw Materials,Delivered,239,39.87,35.47,32.0,Yes,Pending,Verified,Paid,8477.33,,1051.5999999999997,0.13389121338912133,High Risk
PO-00236,Alpha_Inc,2022-08-23,,Office Supplies,Delivered,1298,21.51,20.83,,Yes,Pending,Verified,Paid,27037.339999999997,,882.6400000000042,,Low Risk
PO-00237,Delta_Logistics,2022-03-11,,MRO,Delivered,1458,91.05,81.56,220.0,Yes,Pending,Verified,Paid,118914.48000000001,,13836.419999999993,0.15089163237311384,High Risk
PO-00238,Gamma_Co,2022-02-02,2022-02-13,MRO,Delivered,1450,63.74,59.11,71.0,Yes,Completed,Verified,Paid,85709.5,11.0,6713.500000000004,0.04896551724137931,Low Risk
PO-00239,Beta_Supplies,2022-12-05,2022-12-20,Electronics,Delivered,1356,75.03,63.86,131.0,Yes,Completed,Verified,Paid,86594.16,15.0,15146.520000000002,0.09660766961651918,Low Risk
PO-00240,Gamma_Co,2022-03-14,,Packaging,Delivered,682,81.84,71.86,40.0,Yes,Pending,Verified,Paid,49008.52,,6806.360000000002,0.05865102639296188,Low Risk
PO-00241,Gamma_Co,2023-06-11,2023-06-19,Packaging,Delivered,677,59.52,55.29,39.0,Yes,Completed,Verified,Paid,37431.33,8.0,2863.7100000000028,0.05760709010339734,Low Risk
PO-00242,Delta_Logistics,2022-09-01,2022-09-14,Office Supplies,Delivered,1022,18.54,16.55,150.0,Yes,Completed,Verified,Paid,16914.100000000002,13.0,2033.7799999999984,0.14677103718199608,High Risk
PO-00243,Alpha_Inc,2022-10-13,,Raw Materials,Delivered,1818,60.96,57.13,41.0,Yes,Pending,Verified,Paid,103862.34000000001,,6962.939999999997,0.022552255225522552,Low Risk
PO-00244,Epsilon_Group,2023-11-17,2023-11-29,Electronics,Delivered,1332,69.73,63.8,41.0,Yes,Completed,Verified,Paid,84981.59999999999,12.0,7898.760000000009,0.03078078078078078,Low Risk
PO-00245,Beta_Supplies,2023-05-13,2023-05-26,Raw Materials,Delivered,1432,83.26,77.67,174.0,Yes,Completed,Verified,Paid,111223.44,13.0,8004.880000000005,0.12150837988826815,High Risk
PO-00246,Beta_Supplies,2022-08-08,2022-08-26,Packaging,Pending,759,50.56,46.47,63.0,No,Completed,Pending,Not Paid,35270.729999999996,18.0,3104.3100000000027,0.08300395256916997,Low Risk
PO-00247,Alpha_Inc,2023-07-07,2023-07-19,Packaging,Delivered,1529,23.42,22.44,30.0,Yes,Completed,Verified,Paid,34310.76,12.0,1498.4200000000008,0.01962066710268149,Low Risk
PO-00248,Gamma_Co,2022-05-16,2022-05-25,Electronics,Delivered,1484,36.25,31.8,61.0,Yes,Completed,Verified,Paid,47191.200000000004,9.0,6603.799999999999,0.04110512129380054,Low Risk
PO-00249,Epsilon_Group,2023-08-08,2023-08-20,Packaging,Delivered,698,46.73,45.61,15.0,Yes,Completed,Verified,Paid,31835.78,12.0,781.7599999999982,0.02148997134670487,Low Risk
PO-00250,Epsilon_Group,2023-08-14,2023-08-22,Packaging,Pending,367,74.61,71.36,13.0,Yes,Completed,Pending,Not Paid,26189.12,8.0,1192.75,0.035422343324250684,Low Risk
PO-00251,Epsilon_Group,2023-04-30,2023-05-20,Office Supplies,Partially Delivered,1750,65.97,58.34,50.0,Yes,Completed,Pending,Not Paid,102095.0,20.0,13352.499999999993,0.02857142857142857,Low Risk
PO-00252,Delta_Logistics,2022-09-06,2022-09-24,Office Supplies,Partially Delivered,1298,43.73,37.21,,No,Completed,Pending,Not Paid,48298.58,18.0,8462.959999999995,,Low Risk
PO-00253,Gamma_Co,2023-04-30,2023-05-20,Packaging,Delivered,1892,106.2,96.37,93.0,Yes,Completed,Verified,Paid,182332.04,20.0,18598.359999999997,0.04915433403805497,Low Risk
PO-00254,Beta_Supplies,2023-02-21,2023-02-24,Electronics,Delivered,1307,68.71,60.64,141.0,Yes,Completed,Verified,Paid,79256.48,3.0,10547.48999999999,0.10788064269319052,High Risk
PO-00255,Beta_Supplies,2022-07-14,2022-07-29,Electronics,Delivered,733,32.29,29.01,78.0,Yes,Completed,Verified,Paid,21264.33,15.0,2404.2399999999984,0.10641200545702592,High Risk
PO-00256,Gamma_Co,2022-04-07,,Packaging,Delivered,713,19.45,18.82,31.0,Yes,Pending,Verified,Paid,13418.66,,449.1899999999993,0.043478260869565216,Low Risk
PO-00257,Beta_Supplies,2022-04-10,2022-04-24,Packaging,Delivered,1900,24.11,23.45,188.0,Yes,Completed,Verified,Paid,44555.0,14.0,1254.0000000000002,0.09894736842105263,Low Risk
PO-00258,Delta_Logistics,2023-11-06,2023-11-08,MRO,Cancelled,1447,35.67,35.07,224.0,No,Completed,Pending,Not Paid,50746.29,2.0,868.2000000000021,0.15480304077401522,High Risk
PO-00259,Epsilon_Group,2023-03-18,,Office Supplies,Delivered,1745,26.17,22.25,55.0,Yes,Pending,Verified,Paid,38826.25,,6840.400000000003,0.03151862464183381,Low Risk
PO-00260,Beta_Supplies,2022-12-29,2023-01-14,Office Supplies,Delivered,1681,28.26,26.62,143.0,Yes,Completed,Verified,Paid,44748.22,16.0,2756.840000000001,0.08506841165972635,Low Risk
PO-00261,Delta_Logistics,2023-03-10,2023-03-18,Electronics,Delivered,1545,38.15,36.96,214.0,Yes,Completed,Verified,Paid,57103.200000000004,8.0,1838.5499999999965,0.13851132686084142,High Risk
PO-00262,Epsilon_Group,2023-02-25,2023-03-02,Raw Materials,Delivered,1306,27.27,25.96,39.0,Yes,Completed,Verified,Paid,33903.76,5.0,1710.8599999999983,0.02986217457886677,Low Risk
PO-00263,Gamma_Co,2023-04-24,2023-05-06,Raw Materials,Delivered,1765,97.51,84.3,65.0,Yes,Completed,Verified,Paid,148789.5,12.0,23315.650000000012,0.036827195467422094,Low Risk
PO-00264,Gamma_Co,2022-02-25,2022-03-15,Packaging,Cancelled,1186,17.31,16.0,64.0,Yes,Completed,Pending,Not Paid,18976.0,18.0,1553.6599999999985,0.05396290050590219,Low Risk
PO-00265,Delta_Logistics,2023-11-21,2023-11-26,Packaging,Delivered,1903,63.5,56.09,254.0,Yes,Completed,Verified,Paid,106739.27,5.0,14101.229999999994,0.13347346295323173,High Risk
PO-00266,Delta_Logistics,2023-11-01,2023-11-05,MRO,Delivered,1570,52.1,47.87,,No,Completed,Verified,Paid,75155.9,4.0,6641.100000000006,,Low Risk
PO-00267,Delta_Logistics,2023-10-24,2023-11-13,MRO,Delivered,491,108.75,93.35,,No,Completed,Verified,Paid,45834.85,20.0,7561.400000000002,,Low Risk
PO-00268,Beta_Supplies,2022-04-11,2022-04-20,Electronics,Partially Delivered,613,20.38,20.17,58.0,Yes,Completed,Pending,Not Paid,12364.210000000001,9.0,128.72999999999834,0.09461663947797716,Low Risk
PO-00269,Gamma_Co,2022-03-04,2022-03-16,Raw Materials,Partially Delivered,1341,46.27,43.94,63.0,Yes,Completed,Pending,Not Paid,58923.53999999999,12.0,3124.530000000007,0.04697986577181208,Low Risk
PO-00270,Beta_Supplies,2023-02-17,2023-03-04,MRO,Partially Delivered,1583,103.57,89.38,164.0,Yes,Completed,Pending,Not Paid,141488.53999999998,15.0,22462.769999999997,0.10360075805432722,High Risk
PO-00271,Beta_Supplies,2022-12-14,,Raw Materials,Cancelled,1880,92.73,90.78,173.0,Yes,Pending,Pending,Not Paid,170666.4,,3666.0000000000055,0.09202127659574467,Low Risk
PO-00272,Epsilon_Group,2022-04-22,2022-04-26,MRO,Delivered,1459,84.79,82.72,47.0,Yes,Completed,Verified,Paid,120688.48,4.0,3020.1300000000106,0.03221384509938314,Low Risk
PO-00273,Delta_Logistics,2022-09-12,,Office Supplies,Delivered,1460,34.54,31.87,208.0,No,Pending,Verified,Paid,46530.200000000004,,3898.199999999997,0.14246575342465753,High Risk
PO-00274,Beta_Supplies,2022-07-16,2022-07-28,Packaging,Partially Delivered,1186,26.14,24.78,112.0,Yes,Completed,Pending,Not Paid,29389.08,12.0,1612.9599999999994,0.09443507588532883,Low Risk
PO-00275,Epsilon_Group,2022-07-14,2022-07-23,MRO,Pending,1686,72.28,65.21,53.0,Yes,Completed,Pending,Not Paid,109944.05999999998,9.0,11920.020000000013,0.03143534994068802,Low Risk
PO-00276,Alpha_Inc,2023-07-04,2023-07-08,MRO,Delivered,1698,102.07,100.69,28.0,Yes,Completed,Verified,Paid,170971.62,4.0,2343.2399999999925,0.016489988221436984,Low Risk
PO-00277,Epsilon_Group,2023-04-05,,Electronics,Delivered,1001,64.62,55.7,32.0,Yes,Pending,Verified,Paid,55755.700000000004,,8928.920000000002,0.03196803196803197,Low Risk
PO-00278,Alpha_Inc,2022-05-24,2022-05-27,Office Supplies,Delivered,1154,62.67,54.11,25.0,Yes,Completed,Verified,Paid,62442.94,3.0,9878.240000000003,0.021663778162911613,Low Risk
PO-00279,Alpha_Inc,2023-03-09,2023-03-29,Packaging,Cancelled,748,37.66,32.71,,No,Completed,Pending,Not Paid,24467.08,20.0,3702.5999999999967,,Low Risk
PO-00280,Alpha_Inc,2022-07-07,,Office Supplies,Delivered,162,81.63,78.76,2.0,Yes,Pending,Verified,Paid,12759.12,,464.93999999999846,0.012345679012345678,Low Risk
PO-00281,Alpha_Inc,2022-10-13,2022-10-24,Packaging,Delivered,51,28.04,24.13,0.0,Yes,Completed,Verified,Paid,1230.6299999999999,11.0,199.41,0.0,Low Risk
PO-00282,Delta_Logistics,2023-04-19,2023-04-24,Office Supplies,Delivered,691,42.07,39.1,106.0,Yes,Completed,Verified,Paid,27018.100000000002,5.0,2052.269999999999,0.15340086830680175,High Risk
PO-00283,Beta_Supplies,2022-09-13,2022-09-20,Office Supplies,Delivered,269,50.22,45.75,32.0,No,Completed,Verified,Paid,12306.75,7.0,1202.4299999999996,0.11895910780669144,High Risk
PO-00284,Beta_Supplies,2022-03-19,2022-04-06,Electronics,Pending,1639,56.24,55.4,147.0,Yes,Completed,Pending,Not Paid,90800.59999999999,18.0,1376.7600000000057,0.0896888346552776,Low Risk
PO-00285,Alpha_Inc,2023-03-30,2023-04-06,Raw Materials,Delivered,904,34.04,30.06,26.0,Yes,Completed,Verified,Paid,27174.239999999998,7.0,3597.9200000000005,0.028761061946902654,Low Risk
PO-00286,Beta_Supplies,2023-07-18,2023-07-26,Office Supplies,Delivered,1809,22.17,19.65,,Yes,Completed,Verified,Paid,35546.85,8.0,4558.680000000006,,Low Risk
PO-00287,Alpha_Inc,2022-04-11,2022-04-16,Packaging,Delivered,1298,65.93,58.95,,Yes,Completed,Verified,Paid,76517.1,5.0,9060.040000000005,,Low Risk
PO-00288,Beta_Supplies,2022-02-21,2022-03-13,Packaging,Delivered,434,36.16,34.79,41.0,Yes,Completed,Verified,Paid,15098.859999999999,20.0,594.5799999999989,0.0944700460829493,Low Risk
PO-00289,Epsilon_Group,2023-10-30,2023-11-04,Electronics,Delivered,1476,68.85,65.28,43.0,Yes,Completed,Verified,Paid,96353.28,5.0,5269.31999999999,0.029132791327913278,Low Risk
PO-00290,Delta_Logistics,2023-07-08,,Raw Materials,Partially Delivered,1711,26.04,24.81,290.0,Yes,Pending,Pending,Not Paid,42449.909999999996,,2104.5300000000007,0.1694915254237288,High Risk
PO-00291,Gamma_Co,2022-01-16,2022-01-22,Packaging,Delivered,1203,53.3,47.68,49.0,Yes,Completed,Verified,Paid,57359.04,6.0,6760.859999999997,0.040731504571903575,Low Risk
PO-00292,Alpha_Inc,2022-04-06,2022-04-07,Electronics,Delivered,1126,58.8,52.22,,Yes,Completed,Verified,Paid,58799.72,1.0,7409.079999999998,,Low Risk
PO-00293,Epsilon_Group,2022-08-31,2022-09-12,Packaging,Delivered,1757,15.18,13.06,63.0,Yes,Completed,Verified,Paid,22946.420000000002,12.0,3724.839999999999,0.035856573705179286,Low Risk
PO-00294,Epsilon_Group,2022-06-20,2022-06-28,MRO,Delivered,779,41.3,36.28,20.0,Yes,Completed,Verified,Paid,28262.120000000003,8.0,3910.5799999999967,0.025673940949935817,Low Risk
PO-00295,Delta_Logistics,2023-02-21,2023-02-22,Office Supplies,Delivered,1745,23.53,22.57,282.0,No,Completed,Verified,Paid,39384.65,1.0,1675.2000000000014,0.16160458452722062,High Risk
PO-00296,Delta_Logistics,2023-05-13,2023-05-15,Raw Materials,Delivered,1783,16.96,15.8,295.0,Yes,Completed,Verified,Paid,28171.4,2.0,2068.28,0.16545148625911385,High Risk
PO-00297,Alpha_Inc,2023-05-08,2023-05-22,Office Supplies,Partially Delivered,1489,107.02,93.3,,Yes,Completed,Pending,Not Paid,138923.69999999998,14.0,20429.079999999998,,Low Risk
PO-00298,Alpha_Inc,2022-08-07,2022-08-10,Office Supplies,Delivered,296,40.38,35.25,,Yes,Completed,Verified,Paid,10434.0,3.0,1518.4800000000007,,Low Risk
PO-00299,Epsilon_Group,2023-02-15,2023-02-27,MRO,Delivered,885,88.28,80.8,31.0,Yes,Completed,Verified,Paid,71508.0,12.0,6619.800000000004,0.03502824858757062,Low Risk
PO-00300,Epsilon_Group,2022-03-02,2022-03-06,Raw Materials,Pending,1512,33.25,30.15,53.0,Yes,Completed,Pending,Not Paid,45586.799999999996,4.0,4687.200000000003,0.03505291005291005,Low Risk
PO-00301,Delta_Logistics,2022-06-18,2022-06-26,Office Supplies,Delivered,252,73.12,67.64,,No,Completed,Verified,Paid,17045.28,8.0,1380.960000000001,,Low Risk
PO-00302,Alpha_Inc,2023-01-24,,Electronics,Cancelled,1257,83.13,81.89,30.0,Yes,Pending,Pending,Not Paid,102935.73,,1558.6799999999935,0.02386634844868735,Low Risk
PO-00303,Alpha_Inc,2022-01-03,2022-01-20,Packaging,Delivered,172,63.61,55.92,4.0,Yes,Completed,Verified,Paid,9618.24,17.0,1322.6799999999996,0.023255813953488372,Low Risk
PO-00304,Epsilon_Group,2023-02-04,2023-02-05,Packaging,Pending,450,55.85,49.88,9.0,Yes,Completed,Pending,Not Paid,22446.0,1.0,2686.4999999999995,0.02,Low Risk
PO-00305,Gamma_Co,2022-09-29,2022-10-15,Electronics,Delivered,816,48.95,43.42,45.0,Yes,Completed,Verified,Paid,35430.72,16.0,4512.480000000001,0.05514705882352941,Low Risk
PO-00306,Epsilon_Group,2023-04-11,2023-04-25,Packaging,Delivered,343,44.5,38.57,7.0,Yes,Completed,Verified,Paid,13229.51,14.0,2033.99,0.02040816326530612,Low Risk
PO-00307,Gamma_Co,2022-10-20,2022-11-05,MRO,Delivered,329,97.87,85.35,21.0,No,Completed,Verified,Paid,28080.149999999998,16.0,4119.080000000004,0.06382978723404255,Low Risk
PO-00308,Alpha_Inc,2023-03-10,2023-03-25,Electronics,Delivered,1910,90.69,85.8,,Yes,Completed,Verified,Paid,163878.0,15.0,9339.900000000001,,Low Risk
PO-00309,Epsilon_Group,2023-12-15,2023-12-18,MRO,Delivered,933,107.99,104.29,29.0,Yes,Completed,Verified,Paid,97302.57,3.0,3452.0999999999894,0.031082529474812434,Low Risk
PO-00310,Delta_Logistics,2023-07-24,2023-07-29,Raw Materials,Delivered,1683,23.09,21.88,253.0,Yes,Completed,Verified,Paid,36824.04,5.0,2036.4300000000014,0.1503267973856209,High Risk
PO-00311,Beta_Supplies,2023-11-09,2023-11-18,Packaging,Pending,247,84.11,71.97,,Yes,Completed,Pending,Not Paid,17776.59,9.0,2998.58,,Low Risk
PO-00312,Alpha_Inc,2023-05-14,2023-06-02,MRO,Delivered,1031,102.01,98.65,,Yes,Completed,Verified,Paid,101708.15000000001,19.0,3464.1599999999994,,Low Risk
PO-00313,Alpha_Inc,2022-06-08,2022-06-19,Packaging,Delivered,1980,26.97,24.16,41.0,Yes,Completed,Verified,Paid,47836.8,11.0,5563.799999999997,0.02070707070707071,Low Risk
PO-00314,Epsilon_Group,2022-07-14,2022-08-03,Raw Materials,Delivered,1584,16.46,14.2,57.0,Yes,Completed,Verified,Paid,22492.8,20.0,3579.8400000000024,0.03598484848484849,Low Risk
PO-00315,Beta_Supplies,2022-10-31,2022-11-15,Office Supplies,Delivered,801,80.15,70.91,,Yes,Completed,Verified,Paid,56798.909999999996,15.0,7401.240000000007,,Low Risk
PO-00316,Beta_Supplies,2022-08-11,2022-08-25,Packaging,Delivered,193,63.86,57.46,,Yes,Completed,Verified,Paid,11089.78,14.0,1235.1999999999998,,Low Risk
PO-00317,Beta_Supplies,2022-03-01,2022-03-05,Raw Materials,Delivered,658,86.62,79.85,72.0,Yes,Completed,Verified,Paid,52541.299999999996,4.0,4454.660000000007,0.1094224924012158,High Risk
PO-00318,Epsilon_Group,2023-08-17,2023-09-04,Electronics,Delivered,1274,24.72,23.36,37.0,Yes,Completed,Verified,Paid,29760.64,18.0,1732.6399999999992,0.029042386185243328,Low Risk
PO-00319,Epsilon_Group,2023-07-10,2023-07-17,Packaging,Partially Delivered,1197,88.92,78.82,31.0,Yes,Completed,Pending,Not Paid,94347.54,7.0,12089.70000000001,0.025898078529657476,Low Risk
PO-00320,Gamma_Co,2022-03-04,2022-03-12,Electronics,Delivered,236,28.43,28.11,11.0,Yes,Completed,Verified,Paid,6633.96,8.0,75.52000000000007,0.046610169491525424,Low Risk
PO-00321,Gamma_Co,2022-11-18,2022-12-03,Raw Materials,Partially Delivered,1399,25.97,22.19,62.0,Yes,Completed,Pending,Not Paid,31043.81,15.0,5288.219999999997,0.04431736954967834,Low Risk
PO-00322,Gamma_Co,2022-02-28,2022-03-04,Electronics,Delivered,513,24.91,22.58,29.0,Yes,Completed,Verified,Paid,11583.539999999999,4.0,1195.2900000000009,0.056530214424951264,Low Risk
PO-00323,Delta_Logistics,2022-02-21,2022-03-04,MRO,Delivered,1422,83.73,76.47,198.0,Yes,Completed,Verified,Paid,108740.34,11.0,10323.720000000007,0.13924050632911392,High Risk
PO-00324,Alpha_Inc,2023-08-22,2023-09-03,Office Supplies,Delivered,1844,76.51,73.05,,Yes,Completed,Verified,Paid,134704.19999999998,12.0,6380.240000000014,,Low Risk
PO-00325,Gamma_Co,2023-05-04,,Electronics,Delivered,709,61.64,54.55,41.0,Yes,Pending,Verified,Paid,38675.95,,5026.810000000002,0.05782792665726375,Low Risk
PO-00326,Delta_Logistics,2023-05-30,2023-06-15,MRO,Delivered,813,45.68,41.78,,No,Completed,Verified,Paid,33967.14,16.0,3170.699999999999,,Low Risk
PO-00327,Delta_Logistics,2023-06-28,2023-07-01,Office Supplies,Delivered,1004,96.51,92.9,146.0,No,Completed,Verified,Paid,93271.6,3.0,3624.4399999999996,0.1454183266932271,High Risk
PO-00328,Epsilon_Group,2022-06-11,2022-06-15,Raw Materials,Delivered,452,46.45,40.39,9.0,Yes,Completed,Verified,Paid,18256.28,4.0,2739.120000000001,0.01991150442477876,Low Risk
PO-00329,Beta_Supplies,2022-02-28,2022-03-12,Raw Materials,Pending,1419,83.91,71.46,137.0,Yes,Completed,Pending,Not Paid,101401.73999999999,12.0,17666.550000000003,0.09654686398872446,Low Risk
PO-00330,Beta_Supplies,2023-06-05,2023-06-23,Packaging,Delivered,1584,53.73,51.92,167.0,No,Completed,Verified,Paid,82241.28,18.0,2867.0399999999922,0.10542929292929293,High Risk
PO-00331,Gamma_Co,2022-03-24,2022-04-11,MRO,Pending,196,44.36,43.81,6.0,Yes,Completed,Pending,Not Paid,8586.76,18.0,107.79999999999944,0.030612244897959183,Low Risk
PO-00332,Alpha_Inc,2022-07-10,2022-07-14,Office Supplies,Delivered,1221,53.19,46.18,29.0,Yes,Completed,Verified,Paid,56385.78,4.0,8559.209999999997,0.02375102375102375,Low Risk
PO-00333,Alpha_Inc,2022-03-12,2022-03-26,Packaging,Delivered,913,37.5,36.2,,Yes,Completed,Verified,Paid,33050.600000000006,14.0,1186.8999999999974,,Low Risk
PO-00334,Alpha_Inc,2023-09-02,2023-09-04,Packaging,Delivered,1784,85.01,76.69,37.0,Yes,Completed,Verified,Paid,136814.96,2.0,14842.880000000014,0.020739910313901346,Low Risk
PO-00335,Delta_Logistics,2022-03-11,,Raw Materials,Delivered,1893,55.8,52.35,,Yes,Pending,Verified,Paid,99098.55,,6530.849999999992,,Low Risk
PO-00336,Delta_Logistics,2023-11-23,2023-12-05,Electronics,Pending,538,34.3,32.25,84.0,No,Completed,Pending,Not Paid,17350.5,12.0,1102.8999999999985,0.15613382899628253,High Risk
PO-00337,Delta_Logistics,2022-08-29,2022-09-15,Office Supplies,Pending,978,94.15,87.7,149.0,No,Completed,Pending,Not Paid,85770.6,17.0,6308.100000000003,0.1523517382413088,High Risk
PO-00338,Epsilon_Group,2023-02-18,2023-03-06,Raw Materials,Cancelled,1713,47.45,42.05,53.0,Yes,Completed,Pending,Not Paid,72031.65,16.0,9250.20000000001,0.030939871570344425,Low Risk
PO-00339,Delta_Logistics,2022-05-03,2022-05-07,Raw Materials,Pending,600,60.1,57.92,95.0,No,Completed,Pending,Not Paid,34752.0,4.0,1307.9999999999998,0.15833333333333333,High Risk
PO-00340,Alpha_Inc,2023-08-07,2023-08-25,Electronics,Pending,387,100.28,85.54,5.0,Yes,Completed,Pending,Not Paid,33103.98,18.0,5704.379999999998,0.012919896640826873,Low Risk
PO-00341,Alpha_Inc,2022-09-10,2022-09-19,MRO,Pending,921,68.83,59.13,22.0,Yes,Completed,Pending,Not Paid,54458.73,9.0,8933.699999999995,0.023887079261672096,Low Risk
PO-00342,Beta_Supplies,2023-08-16,2023-08-30,MRO,Delivered,690,22.47,21.94,77.0,Yes,Completed,Verified,Paid,15138.6,14.0,365.69999999999834,0.11159420289855072,High Risk
PO-00343,Alpha_Inc,2023-09-01,2023-09-21,Office Supplies,Cancelled,1852,104.04,94.89,36.0,Yes,Completed,Pending,Not Paid,175736.28,20.0,16945.80000000001,0.019438444924406047,Low Risk
PO-00344,Delta_Logistics,2022-02-10,2022-02-28,Electronics,Delivered,522,66.83,58.01,74.0,Yes,Completed,Verified,Paid,30281.219999999998,18.0,4604.04,0.1417624521072797,High Risk
PO-00345,Delta_Logistics,2023-09-27,2023-10-06,Electronics,Delivered,200,44.16,43.13,21.0,Yes,Completed,Verified,Paid,8626.0,9.0,205.9999999999988,0.105,High Risk
PO-00346,Gamma_Co,2022-03-25,2022-04-03,Packaging,Delivered,1488,22.76,21.99,,Yes,Completed,Verified,Paid,32721.12,9.0,1145.7600000000048,,Low Risk
PO-00347,Epsilon_Group,2023-03-06,2023-03-16,Electronics,Delivered,1371,87.16,78.13,43.0,Yes,Completed,Verified,Paid,107116.23,10.0,12380.130000000001,0.031363967906637494,Low Risk
PO-00348,Alpha_Inc,2023-11-05,,Office Supplies,Delivered,1684,73.05,62.53,,Yes,Pending,Verified,Paid,105300.52,,17715.679999999993,,Low Risk
PO-00349,Epsilon_Group,2023-08-21,2023-08-27,Electronics,Delivered,312,63.52,58.09,,Yes,Completed,Verified,Paid,18124.08,6.0,1694.1599999999999,,Low Risk
PO-00350,Alpha_Inc,2023-08-02,2023-08-21,Packaging,Cancelled,1837,99.04,86.51,39.0,Yes,Completed,Pending,Not Paid,158918.87,19.0,23017.61,0.021230266739248774,Low Risk
PO-00351,Beta_Supplies,2023-06-20,2023-06-23,MRO,Delivered,193,87.86,81.74,21.0,Yes,Completed,Verified,Paid,15775.82,3.0,1181.1600000000008,0.10880829015544041,High Risk
PO-00352,Beta_Supplies,2022-11-20,2022-11-21,Electronics,Delivered,395,24.83,23.96,31.0,Yes,Completed,Verified,Paid,9464.2,1.0,343.649999999999,0.07848101265822785,Low Risk
PO-00353,Epsilon_Group,2022-09-25,2022-10-12,Electronics,Cancelled,673,39.58,35.83,25.0,Yes,Completed,Pending,Not Paid,24113.59,17.0,2523.75,0.03714710252600297,Low Risk
PO-00354,Delta_Logistics,2022-07-29,2022-08-12,Office Supplies,Cancelled,1066,33.33,28.47,162.0,No,Completed,Pending,Not Paid,30349.02,14.0,5180.759999999999,0.15196998123827393,High Risk
PO-00355,Gamma_Co,2023-11-17,2023-11-23,Packaging,Delivered,1645,85.42,80.78,73.0,No,Completed,Verified,Paid,132883.1,6.0,7632.800000000001,0.04437689969604863,Low Risk
PO-00356,Alpha_Inc,2022-11-18,2022-11-29,Electronics,Delivered,930,13.67,11.95,16.0,Yes,Completed,Verified,Paid,11113.5,11.0,1599.6000000000006,0.017204301075268817,Low Risk
PO-00357,Alpha_Inc,2022-09-02,2022-09-21,Office Supplies,Delivered,51,63.74,56.1,0.0,Yes,Completed,Verified,Paid,2861.1,19.0,389.64000000000004,0.0,Low Risk
PO-00358,Gamma_Co,2022-09-29,2022-10-01,Packaging,Delivered,946,81.77,71.65,55.0,Yes,Completed,Verified,Paid,67780.90000000001,2.0,9573.519999999991,0.05813953488372093,Low Risk
PO-00359,Epsilon_Group,2023-02-10,2023-03-02,Raw Materials,Partially Delivered,1377,94.69,84.2,,Yes,Completed,Pending,Not Paid,115943.40000000001,20.0,14444.729999999992,,Low Risk
PO-00360,Epsilon_Group,2022-05-15,2022-05-18,Packaging,Cancelled,303,41.6,40.51,11.0,Yes,Completed,Pending,Not Paid,12274.529999999999,3.0,330.270000000001,0.036303630363036306,Low Risk
PO-00361,Alpha_Inc,2023-11-19,2023-12-03,Raw Materials,Delivered,1725,93.14,79.62,24.0,Yes,Completed,Verified,Paid,137344.5,14.0,23321.999999999993,0.01391304347826087,Low Risk
PO-00362,Beta_Supplies,2023-10-23,2023-11-07,Raw Materials,Cancelled,502,22.05,20.65,50.0,No,Completed,Pending,Not Paid,10366.3,15.0,702.8000000000011,0.099601593625498,Low Risk
PO-00363,Gamma_Co,2022-11-04,2022-11-11,Packaging,Delivered,1110,90.49,80.03,61.0,Yes,Completed,Verified,Paid,88833.3,7.0,11610.599999999993,0.054954954954954956,Low Risk
PO-00364,Alpha_Inc,2023-04-14,2023-04-18,Packaging,Delivered,1233,23.08,20.57,,Yes,Completed,Verified,Paid,25362.81,4.0,3094.8299999999977,,Low Risk
PO-00365,Beta_Supplies,2022-11-20,2022-11-24,Office Supplies,Delivered,1064,48.04,43.6,94.0,Yes,Completed,Verified,Paid,46390.4,4.0,4724.159999999998,0.08834586466165413,Low Risk
PO-00366,Epsilon_Group,2022-03-16,2022-04-04,Packaging,Partially Delivered,58,82.57,76.55,,Yes,Completed,Pending,Not Paid,4439.9,19.0,349.15999999999974,,Low Risk
PO-00367,Beta_Supplies,2022-01-10,2022-01-20,MRO,Delivered,1306,23.49,20.17,116.0,No,Completed,Verified,Paid,26342.02,10.0,4335.9199999999955,0.0888208269525268,Low Risk
PO-00368,Delta_Logistics,2023-04-15,2023-04-28,Electronics,Delivered,1172,32.93,29.28,,No,Completed,Verified,Paid,34316.16,13.0,4277.799999999998,,Low Risk
PO-00369,Alpha_Inc,2023-09-29,,Packaging,Delivered,1732,82.5,71.71,24.0,Yes,Pending,Verified,Paid,124201.71999999999,,18688.28000000001,0.013856812933025405,Low Risk
PO-00370,Gamma_Co,2023-07-31,2023-08-07,Raw Materials,Delivered,865,81.54,71.59,39.0,Yes,Completed,Verified,Paid,61925.350000000006,7.0,8606.750000000002,0.04508670520231214,Low Risk
PO-00371,Beta_Supplies,2022-04-13,2022-04-20,Raw Materials,Delivered,257,68.72,66.92,22.0,Yes,Completed,Verified,Paid,17198.44,7.0,462.5999999999993,0.08560311284046693,Low Risk
PO-00372,Epsilon_Group,2022-03-17,2022-03-26,Packaging,Delivered,1204,73.18,67.59,31.0,Yes,Completed,Verified,Paid,81378.36,9.0,6730.360000000004,0.02574750830564784,Low Risk
PO-00373,Beta_Supplies,2023-07-05,2023-07-09,Electronics,Partially Delivered,453,64.14,60.18,51.0,Yes,Completed,Pending,Not Paid,27261.54,4.0,1793.8800000000003,0.11258278145695365,High Risk
PO-00374,Epsilon_Group,2022-08-07,2022-08-21,Electronics,Delivered,201,33.81,32.54,3.0,Yes,Completed,Verified,Paid,6540.54,14.0,255.27000000000064,0.014925373134328358,Low Risk
PO-00375,Delta_Logistics,2023-06-03,2023-06-16,Office Supplies,Delivered,103,44.61,42.88,10.0,Yes,Completed,Verified,Paid,4416.64,13.0,178.18999999999969,0.0970873786407767,Low Risk
PO-00376,Epsilon_Group,2022-09-29,2022-10-07,Office Supplies,Delivered,1193,27.4,27.09,,Yes,Completed,Verified,Paid,32318.37,8.0,369.82999999999845,,Low Risk
PO-00377,Gamma_Co,2022-05-16,2022-05-28,Office Supplies,Partially Delivered,1746,93.6,89.81,85.0,Yes,Completed,Pending,Not Paid,156808.26,12.0,6617.3399999999865,0.04868270332187858,Low Risk
PO-00378,Delta_Logistics,2022-12-24,2022-12-26,Electronics,Delivered,1993,65.94,59.36,,Yes,Completed,Verified,Paid,118304.48,2.0,13113.939999999997,,Low Risk
PO-00379,Beta_Supplies,2022-03-12,2022-03-27,Raw Materials,Delivered,677,46.54,43.11,,No,Completed,Verified,Paid,29185.47,15.0,2322.1099999999997,,Low Risk
PO-00380,Alpha_Inc,2022-09-08,,Office Supplies,Pending,636,53.64,49.23,18.0,Yes,Pending,Pending,Not Paid,31310.28,,2804.7600000000025,0.02830188679245283,Low Risk
PO-00381,Epsilon_Group,2023-01-14,2023-02-02,Packaging,Delivered,1698,100.97,98.73,52.0,Yes,Completed,Verified,Paid,167643.54,19.0,3803.5199999999913,0.030624263839811542,Low Risk
PO-00382,Gamma_Co,2022-10-19,2022-11-01,Office Supplies,Delivered,1493,24.87,22.89,56.0,Yes,Completed,Verified,Paid,34174.770000000004,13.0,2956.140000000001,0.03750837240455459,Low Risk
PO-00383,Alpha_Inc,2022-06-11,2022-06-25,Packaging,Delivered,1495,64.33,58.18,26.0,Yes,Completed,Verified,Paid,86979.1,14.0,9194.249999999998,0.017391304347826087,Low Risk
PO-00384,Alpha_Inc,2023-03-25,2023-04-07,Packaging,Cancelled,153,59.42,52.0,3.0,Yes,Completed,Pending,Not Paid,7956.0,13.0,1135.2600000000002,0.0196078431372549,Low Risk
PO-00385,Delta_Logistics,2023-07-11,2023-07-22,Raw Materials,Cancelled,1925,70.88,63.41,292.0,Yes,Completed,Pending,Not Paid,122064.25,11.0,14379.749999999998,0.15168831168831168,High Risk
PO-00386,Beta_Supplies,2023-12-22,2024-01-11,Packaging,Delivered,303,12.97,11.42,,No,Completed,Verified,Paid,3460.2599999999998,20.0,469.6500000000002,,Low Risk
PO-00387,Alpha_Inc,2022-11-06,2022-11-18,Office Supplies,Delivered,1300,92.92,90.63,,Yes,Completed,Verified,Paid,117819.0,12.0,2977.000000000008,,Low Risk
PO-00388,Gamma_Co,2023-09-19,2023-09-23,Raw Materials,Delivered,1185,103.28,99.05,,Yes,Completed,Verified,Paid,117374.25,4.0,5012.550000000005,,Low Risk
PO-00389,Epsilon_Group,2023-11-01,2023-11-20,Raw Materials,Delivered,559,67.56,57.98,15.0,Yes,Completed,Verified,Paid,32410.82,19.0,5355.220000000003,0.026833631484794274,Low Risk
PO-00390,Epsilon_Group,2023-06-26,2023-06-29,Electronics,Pending,1546,78.88,78.0,38.0,Yes,Completed,Pending,Not Paid,120588.0,3.0,1360.479999999993,0.02457956015523933,Low Risk
PO-00391,Epsilon_Group,2022-01-09,2022-01-19,Packaging,Delivered,148,93.02,85.96,4.0,Yes,Completed,Verified,Paid,12722.08,10.0,1044.8800000000003,0.02702702702702703,Low Risk
PO-00392,Delta_Logistics,2023-11-15,2023-11-23,Office Supplies,Delivered,202,81.75,78.26,37.0,No,Completed,Verified,Paid,15808.52,8.0,704.979999999999,0.18316831683168316,High Risk
PO-00393,Gamma_Co,2023-07-22,2023-07-28,Packaging,Delivered,1934,25.86,25.6,78.0,Yes,Completed,Verified,Paid,49510.4,6.0,502.83999999999617,0.04033092037228542,Low Risk
PO-00394,Alpha_Inc,2022-11-03,2022-11-07,Office Supplies,Delivered,963,64.96,64.07,20.0,Yes,Completed,Verified,Paid,61699.409999999996,4.0,857.0700000000005,0.020768431983385256,Low Risk
PO-00395,Gamma_Co,2023-11-11,2023-11-18,MRO,Delivered,1969,71.71,61.96,,Yes,Completed,Verified,Paid,121999.24,7.0,19197.749999999985,,Low Risk
PO-00396,Delta_Logistics,2022-04-17,,Electronics,Delivered,927,48.89,46.05,138.0,Yes,Pending,Verified,Paid,42688.35,,2632.680000000003,0.1488673139158576,High Risk
PO-00397,Delta_Logistics,2022-05-18,2022-05-23,Raw Materials,Cancelled,387,77.81,69.04,67.0,Yes,Completed,Pending,Not Paid,26718.480000000003,5.0,3393.9899999999984,0.1731266149870801,High Risk
PO-00398,Beta_Supplies,2022-09-28,2022-10-03,Electronics,Delivered,1779,97.86,94.36,176.0,Yes,Completed,Verified,Paid,167866.44,5.0,6226.5,0.09893198426082069,Low Risk
PO-00399,Gamma_Co,2022-04-29,2022-05-05,MRO,Pending,871,94.7,92.66,46.0,Yes,Completed,Pending,Not Paid,80706.86,6.0,1776.8400000000054,0.05281285878300804,Low Risk
PO-00400,Epsilon_Group,2022-04-20,2022-04-23,Electronics,Delivered,1236,51.33,44.03,25.0,Yes,Completed,Verified,Paid,54421.08,3.0,9022.799999999996,0.020226537216828478,Low Risk
PO-00401,Delta_Logistics,2023-07-21,2023-08-06,Electronics,Delivered,1793,22.01,21.78,285.0,Yes,Completed,Verified,Paid,39051.54,16.0,412.3900000000008,0.15895147796988288,High Risk
PO-00402,Delta_Logistics,2022-06-09,2022-06-28,MRO,Delivered,1006,101.1,89.04,139.0,Yes,Completed,Verified,Paid,89574.24,19.0,12132.359999999988,0.13817097415506957,High Risk
PO-00403,Beta_Supplies,2022-10-06,2022-10-21,Electronics,Cancelled,1754,89.35,86.54,161.0,No,Completed,Pending,Not Paid,151791.16,15.0,4928.739999999979,0.09179019384264538,Low Risk
PO-00404,Epsilon_Group,2022-10-16,2022-11-04,Electronics,Delivered,210,22.17,21.32,10.0,Yes,Completed,Verified,Paid,4477.2,19.0,178.50000000000028,0.047619047619047616,Low Risk
PO-00405,Delta_Logistics,2023-09-12,2023-10-02,MRO,Delivered,1653,102.16,91.91,217.0,Yes,Completed,Verified,Paid,151927.22999999998,20.0,16943.25,0.13127646702964307,High Risk
PO-00406,Alpha_Inc,2022-08-04,2022-08-15,MRO,Partially Delivered,850,91.38,88.41,24.0,Yes,Completed,Pending,Not Paid,75148.5,11.0,2524.499999999999,0.02823529411764706,Low Risk
PO-00407,Epsilon_Group,2022-12-18,2022-12-21,Raw Materials,Delivered,447,59.81,57.92,13.0,Yes,Completed,Verified,Paid,25890.24,3.0,844.8300000000003,0.029082774049217,Low Risk
PO-00408,Gamma_Co,2022-07-28,2022-08-07,Office Supplies,Delivered,1350,65.11,56.95,71.0,Yes,Completed,Verified,Paid,76882.5,10.0,11015.999999999995,0.052592592592592594,Low Risk
PO-00409,Beta_Supplies,2023-12-05,2023-12-24,Office Supplies,Delivered,865,51.19,47.76,83.0,Yes,Completed,Verified,Paid,41312.4,19.0,2966.95,0.09595375722543352,Low Risk
PO-00410,Alpha_Inc,2023-10-12,2023-10-29,MRO,Delivered,1989,16.5,15.89,57.0,Yes,Completed,Verified,Paid,31605.210000000003,17.0,1213.2899999999988,0.02865761689291101,Low Risk
PO-00411,Alpha_Inc,2022-09-28,2022-10-13,Office Supplies,Delivered,1577,41.77,39.58,32.0,Yes,Completed,Verified,Paid,62417.659999999996,15.0,3453.630000000008,0.020291693088142042,Low Risk
PO-00412,Gamma_Co,2023-06-02,2023-06-04,Packaging,Pending,1969,89.25,87.28,108.0,No,Completed,Pending,Not Paid,171854.32,2.0,3878.9299999999976,0.05485017775520569,Low Risk
PO-00413,Beta_Supplies,2023-05-16,2023-05-26,Packaging,Partially Delivered,1465,11.25,9.61,151.0,Yes,Completed,Pending,Not Paid,14078.65,10.0,2402.600000000001,0.10307167235494881,High Risk
PO-00414,Delta_Logistics,2022-09-15,2022-09-18,Packaging,Pending,1208,41.62,39.46,,Yes,Completed,Pending,Not Paid,47667.68,3.0,2609.279999999996,,Low Risk
PO-00415,Beta_Supplies,2022-02-22,2022-03-11,Raw Materials,Delivered,1268,46.06,45.26,123.0,Yes,Completed,Verified,Paid,57389.68,17.0,1014.4000000000054,0.09700315457413249,Low Risk
PO-00416,Delta_Logistics,2022-04-05,2022-04-24,Office Supplies,Delivered,450,59.24,55.03,68.0,No,Completed,Verified,Paid,24763.5,19.0,1894.5000000000005,0.1511111111111111,High Risk
PO-00417,Gamma_Co,2023-10-12,2023-10-14,Electronics,Partially Delivered,689,102.53,95.23,38.0,Yes,Completed,Pending,Not Paid,65613.47,2.0,5029.699999999998,0.055152394775036286,Low Risk
PO-00418,Gamma_Co,2023-03-10,2023-03-29,MRO,Delivered,1106,44.05,38.6,51.0,Yes,Completed,Verified,Paid,42691.6,19.0,6027.699999999995,0.0461121157323689,Low Risk
PO-00419,Alpha_Inc,2022-10-11,2022-10-22,Office Supplies,Delivered,737,43.08,42.58,21.0,Yes,Completed,Verified,Paid,31381.46,11.0,368.5,0.028493894165535955,Low Risk
PO-00420,Alpha_Inc,2022-02-15,2022-03-04,Raw Materials,Delivered,509,76.76,74.72,7.0,No,Completed,Verified,Paid,38032.479999999996,17.0,1038.360000000003,0.0137524557956778,Low Risk
PO-00421,Alpha_Inc,2022-01-04,2022-01-06,Electronics,Delivered,1004,50.7,46.59,27.0,Yes,Completed,Verified,Paid,46776.36,2.0,4126.44,0.026892430278884463,Low Risk
PO-00422,Gamma_Co,2022-12-08,2022-12-19,MRO,Pending,1956,31.88,28.48,86.0,Yes,Completed,Pending,Not Paid,55706.88,11.0,6650.399999999997,0.04396728016359918,Low Risk
PO-00423,Delta_Logistics,2022-05-14,,Electronics,Delivered,519,51.73,47.52,81.0,No,Pending,Verified,Paid,24662.88,,2184.9899999999966,0.15606936416184972,High Risk
PO-00424,Gamma_Co,2023-10-15,2023-10-21,MRO,Partially Delivered,1448,25.06,21.62,84.0,Yes,Completed,Pending,Not Paid,31305.760000000002,6.0,4981.119999999997,0.058011049723756904,Low Risk
PO-00425,Gamma_Co,2022-09-26,2022-10-11,Packaging,Delivered,1095,26.91,23.75,53.0,Yes,Completed,Verified,Paid,26006.25,15.0,3460.2000000000003,0.048401826484018265,Low Risk
PO-00426,Alpha_Inc,2022-06-15,,MRO,Delivered,799,56.22,49.51,18.0,Yes,Pending,Verified,Paid,39558.49,,5361.290000000001,0.02252816020025031,Low Risk
PO-00427,Beta_Supplies,2023-03-29,2023-04-18,MRO,Partially Delivered,1743,51.04,47.15,160.0,Yes,Completed,Pending,Not Paid,82182.45,20.0,6780.270000000001,0.09179575444635686,Low Risk
PO-00428,Alpha_Inc,2023-07-19,2023-07-31,Raw Materials,Delivered,87,100.65,85.56,1.0,Yes,Completed,Verified,Paid,7443.72,12.0,1312.8300000000004,0.011494252873563218,Low Risk
PO-00429,Beta_Supplies,2023-12-24,,Raw Materials,Delivered,279,47.52,46.5,28.0,No,Pending,Verified,Paid,12973.5,,284.5800000000009,0.1003584229390681,High Risk
PO-00430,Delta_Logistics,2023-03-14,2023-03-25,Raw Materials,Delivered,1438,66.61,58.5,237.0,Yes,Completed,Verified,Paid,84123.0,11.0,11662.179999999998,0.16481223922114047,High Risk
PO-00431,Delta_Logistics,2023-07-29,2023-07-31,Office Supplies,Partially Delivered,612,72.93,63.32,99.0,Yes,Completed,Pending,Not Paid,38751.840000000004,2.0,5881.320000000004,0.16176470588235295,High Risk
PO-00432,Epsilon_Group,2022-01-10,2022-01-21,Packaging,Pending,487,11.18,10.63,15.0,Yes,Completed,Pending,Not Paid,5176.81,11.0,267.84999999999945,0.030800821355236138,Low Risk
PO-00433,Epsilon_Group,2022-04-25,2022-04-29,Packaging,Partially Delivered,1849,70.76,69.25,51.0,Yes,Completed,Pending,Not Paid,128043.25,4.0,2791.9900000000093,0.027582477014602487,Low Risk
PO-00434,Epsilon_Group,2022-03-19,2022-04-01,MRO,Partially Delivered,1356,26.28,25.44,47.0,Yes,Completed,Pending,Not Paid,34496.64,13.0,1139.0399999999997,0.03466076696165192,Low Risk
PO-00435,Delta_Logistics,2023-12-09,2023-12-29,Raw Materials,Delivered,76,107.59,96.33,10.0,Yes,Completed,Verified,Paid,7321.08,20.0,855.7600000000004,0.13157894736842105,High Risk
PO-00436,Alpha_Inc,2022-06-02,2022-06-13,Packaging,Partially Delivered,275,23.96,20.44,,Yes,Completed,Pending,Not Paid,5621.0,11.0,967.9999999999999,,Low Risk
PO-00437,Alpha_Inc,2023-07-13,2023-07-18,Packaging,Delivered,1350,51.57,48.07,,Yes,Completed,Verified,Paid,64894.5,5.0,4725.0,,Low Risk
PO-00438,Alpha_Inc,2022-02-06,,MRO,Delivered,847,17.77,17.39,,Yes,Pending,Verified,Paid,14729.33,,321.85999999999916,,Low Risk
PO-00439,Gamma_Co,2023-01-14,2023-01-27,MRO,Delivered,1682,105.7,101.3,94.0,Yes,Completed,Verified,Paid,170386.6,13.0,7400.800000000009,0.0558858501783591,Low Risk
PO-00440,Epsilon_Group,2023-08-20,2023-08-23,Electronics,Delivered,333,60.44,58.54,8.0,Yes,Completed,Verified,Paid,19493.82,3.0,632.6999999999995,0.024024024024024024,Low Risk
PO-00441,Alpha_Inc,2023-07-20,2023-08-02,Electronics,Cancelled,928,69.31,67.26,20.0,Yes,Completed,Pending,Not Paid,62417.280000000006,13.0,1902.3999999999974,0.021551724137931036,Low Risk
PO-00442,Epsilon_Group,2022-06-01,2022-06-12,MRO,Partially Delivered,1009,16.44,16.18,,Yes,Completed,Pending,Not Paid,16325.619999999999,11.0,262.34000000000157,,Low Risk
PO-00443,Epsilon_Group,2023-03-17,2023-04-03,Electronics,Pending,1554,82.92,74.82,44.0,Yes,Completed,Pending,Not Paid,116270.27999999998,17.0,12587.400000000012,0.028314028314028315,Low Risk
PO-00444,Gamma_Co,2022-05-11,2022-05-25,Packaging,Partially Delivered,502,29.47,28.94,27.0,Yes,Completed,Pending,Not Paid,14527.880000000001,14.0,266.0599999999988,0.053784860557768925,Low Risk
PO-00445,Delta_Logistics,2022-02-12,2022-02-13,MRO,Delivered,1069,91.28,82.64,,Yes,Completed,Verified,Paid,88342.16,1.0,9236.16,,Low Risk
PO-00446,Alpha_Inc,2022-11-12,2022-11-18,MRO,Pending,1902,29.89,25.83,41.0,Yes,Completed,Pending,Not Paid,49128.659999999996,6.0,7722.120000000004,0.021556256572029444,Low Risk
PO-00447,Gamma_Co,2023-01-09,,Raw Materials,Pending,865,28.79,25.69,47.0,Yes,Pending,Pending,Not Paid,22221.850000000002,,2681.499999999998,0.05433526011560694,Low Risk
PO-00448,Delta_Logistics,2022-02-10,2022-02-26,Packaging,Partially Delivered,708,13.36,11.61,,No,Completed,Pending,Not Paid,8219.88,16.0,1239.0,,Low Risk
PO-00449,Delta_Logistics,2023-01-02,2023-01-07,Packaging,Delivered,1589,55.64,48.52,,Yes,Completed,Verified,Paid,77098.28,5.0,11313.679999999997,,Low Risk
PO-00450,Alpha_Inc,2022-08-04,2022-08-14,Office Supplies,Delivered,596,62.96,61.88,9.0,Yes,Completed,Verified,Paid,36880.48,10.0,643.6799999999989,0.015100671140939598,Low Risk
PO-00451,Epsilon_Group,2023-11-30,2023-12-04,Office Supplies,Delivered,1265,17.66,16.97,34.0,Yes,Completed,Verified,Paid,21467.05,4.0,872.8500000000016,0.026877470355731226,Low Risk
PO-00452,Beta_Supplies,2022-09-13,2022-10-01,Raw Materials,Delivered,1122,82.99,81.7,118.0,No,Completed,Verified,Paid,91667.40000000001,18.0,1447.379999999991,0.1051693404634581,High Risk
PO-00453,Epsilon_Group,2023-11-14,2023-12-01,Office Supplies,Delivered,1585,56.38,53.05,,Yes,Completed,Verified,Paid,84084.25,17.0,5278.050000000008,,Low Risk
PO-00454,Epsilon_Group,2022-04-16,2022-04-27,Electronics,Delivered,66,58.05,50.76,,Yes,Completed,Verified,Paid,3350.16,11.0,481.13999999999993,,Low Risk
PO-00455,Beta_Supplies,2022-12-29,2023-01-18,MRO,Delivered,1245,52.4,51.65,118.0,No,Completed,Verified,Paid,64304.25,20.0,933.75,0.09477911646586346,Low Risk
PO-00456,Delta_Logistics,2023-07-28,2023-08-10,Electronics,Delivered,1293,50.21,47.55,,No,Completed,Verified,Paid,61482.149999999994,13.0,3439.3800000000047,,Low Risk
PO-00457,Beta_Supplies,2023-02-21,2023-02-27,Packaging,Delivered,207,64.29,63.01,25.0,Yes,Completed,Verified,Paid,13043.07,6.0,264.9600000000017,0.12077294685990338,High Risk
PO-00458,Beta_Supplies,2023-09-28,2023-10-18,Office Supplies,Delivered,526,26.37,25.32,47.0,Yes,Completed,Verified,Paid,13318.32,20.0,552.3000000000004,0.08935361216730038,Low Risk
PO-00459,Gamma_Co,2022-06-08,2022-06-14,Electronics,Delivered,1119,27.03,23.82,,Yes,Completed,Verified,Paid,26654.58,6.0,3591.990000000001,,Low Risk
PO-00460,Gamma_Co,2022-08-31,2022-09-02,Packaging,Delivered,1446,90.63,84.51,77.0,Yes,Completed,Verified,Paid,122201.46,2.0,8849.519999999986,0.05325034578146611,Low Risk
PO-00461,Gamma_Co,2022-06-16,2022-06-24,Office Supplies,Delivered,567,97.53,85.29,21.0,Yes,Completed,Verified,Paid,48359.43,8.0,6940.079999999997,0.037037037037037035,Low Risk
PO-00462,Delta_Logistics,2022-07-01,,MRO,Delivered,148,44.91,40.1,,No,Pending,Verified,Paid,5934.8,,711.8799999999993,,Low Risk
PO-00463,Beta_Supplies,2023-02-27,2023-03-14,MRO,Pending,1965,36.6,34.64,195.0,Yes,Completed,Pending,Not Paid,68067.6,15.0,3851.4000000000015,0.09923664122137404,Low Risk
PO-00464,Alpha_Inc,2022-01-26,2022-02-03,Office Supplies,Pending,1818,67.96,58.98,,Yes,Completed,Pending,Not Paid,107225.64,8.0,16325.639999999994,,Low Risk
PO-00465,Beta_Supplies,2022-07-03,2022-07-19,MRO,Delivered,1110,48.19,45.88,112.0,Yes,Completed,Verified,Paid,50926.8,16.0,2564.0999999999945,0.1009009009009009,High Risk
PO-00466,Delta_Logistics,2022-12-07,,Raw Materials,Delivered,329,12.96,12.74,48.0,Yes,Pending,Verified,Paid,4191.46,,72.38000000000021,0.1458966565349544,High Risk
PO-00467,Gamma_Co,2023-02-26,2023-03-17,Office Supplies,Cancelled,1422,25.62,25.18,65.0,Yes,Completed,Pending,Not Paid,35805.96,19.0,625.6800000000018,0.04571026722925457,Low Risk
PO-00468,Delta_Logistics,2023-11-17,,Raw Materials,Delivered,546,82.63,74.77,76.0,No,Pending,Verified,Paid,40824.42,,4291.5599999999995,0.1391941391941392,High Risk
PO-00469,Gamma_Co,2022-09-12,2022-09-22,Office Supplies,Partially Delivered,351,72.08,71.3,20.0,Yes,Completed,Pending,Not Paid,25026.3,10.0,273.7800000000004,0.05698005698005698,Low Risk
PO-00470,Delta_Logistics,2022-10-01,2022-10-18,Raw Materials,Partially Delivered,230,13.0,12.81,,No,Completed,Pending,Not Paid,2946.3,17.0,43.69999999999989,,Low Risk
PO-00471,Alpha_Inc,2022-06-13,2022-06-19,MRO,Delivered,656,30.73,26.26,17.0,Yes,Completed,Verified,Paid,17226.56,6.0,2932.3199999999993,0.025914634146341462,Low Risk
PO-00472,Gamma_Co,2023-12-20,2024-01-09,MRO,Delivered,1172,34.34,32.09,69.0,Yes,Completed,Verified,Paid,37609.48,20.0,2637.0,0.05887372013651877,Low Risk
PO-00473,Gamma_Co,2022-04-21,2022-04-30,Electronics,Delivered,749,71.53,70.02,41.0,Yes,Completed,Verified,Paid,52444.979999999996,9.0,1130.9900000000039,0.05473965287049399,Low Risk
PO-00474,Beta_Supplies,2023-01-27,2023-02-12,Packaging,Delivered,1042,12.48,12.3,88.0,Yes,Completed,Verified,Paid,12816.6,16.0,187.55999999999972,0.08445297504798464,Low Risk
PO-00475,Delta_Logistics,2022-02-09,2022-02-27,Raw Materials,Delivered,1189,19.47,17.15,,No,Completed,Verified,Paid,20391.35,18.0,2758.4800000000005,,Low Risk
PO-00476,Epsilon_Group,2023-04-27,,Office Supplies,Delivered,240,88.14,81.9,4.0,Yes,Pending,Verified,Paid,19656.0,,1497.5999999999988,0.016666666666666666,Low Risk
PO-00477,Epsilon_Group,2022-08-16,2022-09-02,MRO,Delivered,302,26.98,26.47,9.0,Yes,Completed,Verified,Paid,7993.94,17.0,154.02000000000046,0.029801324503311258,Low Risk
PO-00478,Beta_Supplies,2022-07-24,2022-08-03,MRO,Pending,1030,70.81,61.58,,No,Completed,Pending,Not Paid,63427.4,10.0,9506.900000000003,,Low Risk
PO-00479,Delta_Logistics,2023-04-17,2023-04-23,Office Supplies,Delivered,977,33.79,32.25,137.0,Yes,Completed,Verified,Paid,31508.25,6.0,1504.5799999999992,0.14022517911975435,High Risk
PO-00480,Alpha_Inc,2022-12-25,2023-01-11,Packaging,Delivered,1234,19.99,17.66,25.0,Yes,Completed,Verified,Paid,21792.44,17.0,2875.219999999998,0.02025931928687196,Low Risk
PO-00481,Beta_Supplies,2022-11-09,2022-11-23,Office Supplies,Delivered,1329,33.48,33.06,146.0,Yes,Completed,Verified,Paid,43936.740000000005,14.0,558.1799999999928,0.10985703536493605,High Risk
PO-00482,Gamma_Co,2022-08-22,2022-08-30,Raw Materials,Delivered,1396,77.63,67.81,58.0,Yes,Completed,Verified,Paid,94662.76000000001,8.0,13708.71999999999,0.04154727793696275,Low Risk
PO-00483,Alpha_Inc,2022-08-17,2022-08-29,Raw Materials,Delivered,177,90.06,87.71,7.0,Yes,Completed,Verified,Paid,15524.669999999998,12.0,415.9500000000015,0.03954802259887006,Low Risk
PO-00484,Delta_Logistics,2022-01-25,,Electronics,Delivered,67,84.72,73.06,9.0,Yes,Pending,Verified,Paid,4895.02,,781.2199999999998,0.13432835820895522,High Risk
PO-00485,Gamma_Co,2023-11-07,2023-11-20,Office Supplies,Delivered,1866,50.78,48.2,96.0,Yes,Completed,Verified,Paid,89941.20000000001,13.0,4814.279999999997,0.05144694533762058,Low Risk
PO-00486,Epsilon_Group,2022-07-17,2022-07-25,MRO,Delivered,1808,72.23,67.86,53.0,Yes,Completed,Verified,Paid,122690.88,8.0,7900.960000000008,0.0293141592920354,Low Risk
PO-00487,Delta_Logistics,2023-02-13,2023-02-16,Electronics,Cancelled,615,30.3,29.52,96.0,Yes,Completed,Pending,Not Paid,18154.8,3.0,479.7000000000007,0.15609756097560976,High Risk
PO-00488,Gamma_Co,2022-12-03,2022-12-04,Office Supplies,Pending,619,38.38,35.02,34.0,Yes,Completed,Pending,Not Paid,21677.38,1.0,2079.8399999999997,0.05492730210016155,Low Risk
PO-00489,Delta_Logistics,2022-10-13,2022-10-17,Office Supplies,Delivered,1396,94.75,84.06,210.0,Yes,Completed,Verified,Paid,117347.76000000001,4.0,14923.239999999996,0.1504297994269341,High Risk
PO-00490,Gamma_Co,2022-03-13,2022-03-24,MRO,Delivered,1945,11.28,9.98,94.0,Yes,Completed,Verified,Paid,19411.100000000002,11.0,2528.4999999999977,0.04832904884318766,Low Risk
PO-00491,Delta_Logistics,2022-10-13,2022-10-18,Packaging,Delivered,735,18.49,15.89,113.0,No,Completed,Verified,Paid,11679.15,5.0,1910.9999999999984,0.15374149659863945,High Risk
PO-00492,Epsilon_Group,2022-12-26,2023-01-11,Office Supplies,Pending,1865,30.29,26.83,56.0,Yes,Completed,Pending,Not Paid,50037.95,16.0,6452.9000000000015,0.030026809651474532,Low Risk
PO-00493,Beta_Supplies,2023-10-19,2023-10-24,Electronics,Cancelled,675,13.69,11.84,52.0,Yes,Completed,Pending,Not Paid,7992.0,5.0,1248.7499999999998,0.07703703703703704,Low Risk
PO-00494,Gamma_Co,2023-06-06,2023-06-22,MRO,Pending,1361,28.57,24.29,65.0,Yes,Completed,Pending,Not Paid,33058.69,16.0,5825.080000000002,0.04775900073475386,Low Risk
PO-00495,Gamma_Co,2023-02-14,2023-02-15,Raw Materials,Delivered,903,66.53,60.15,29.0,Yes,Completed,Verified,Paid,54315.45,1.0,5761.140000000002,0.03211517165005537,Low Risk
PO-00496,Epsilon_Group,2023-11-27,,Packaging,Cancelled,1736,53.2,50.68,48.0,Yes,Pending,Pending,Not Paid,87980.48,,4374.720000000006,0.027649769585253458,Low Risk
PO-00497,Beta_Supplies,2023-07-04,2023-07-11,MRO,Delivered,1011,98.47,97.06,91.0,Yes,Completed,Verified,Paid,98127.66,7.0,1425.5099999999966,0.09000989119683482,Low Risk
PO-00498,Delta_Logistics,2022-12-06,2022-12-24,Electronics,Delivered,1712,88.17,85.86,246.0,Yes,Completed,Verified,Paid,146992.32,18.0,3954.720000000004,0.14369158878504673,High Risk
PO-00499,Gamma_Co,2022-01-29,,Office Supplies,Delivered,204,40.76,37.46,10.0,Yes,Pending,Verified,Paid,7641.84,,673.1999999999994,0.049019607843137254,Low Risk
PO-00500,Beta_Supplies,2022-04-29,2022-05-13,Electronics,Partially Delivered,539,33.85,30.57,34.0,No,Completed,Pending,Not Paid,16477.23,14.0,1767.9200000000005,0.06307977736549165,Low Risk
PO-00501,Delta_Logistics,2022-09-25,2022-10-05,Office Supplies,Delivered,1459,45.94,42.56,212.0,No,Completed,Verified,Paid,62095.04,10.0,4931.419999999994,0.1453050034270048,High Risk
PO-00502,Gamma_Co,2022-07-02,2022-07-06,MRO,Delivered,834,65.02,56.19,,Yes,Completed,Verified,Paid,46862.46,4.0,7364.219999999998,,Low Risk
PO-00503,Gamma_Co,2023-08-18,2023-09-01,Packaging,Partially Delivered,1177,37.37,34.27,60.0,Yes,Completed,Pending,Not Paid,40335.79,14.0,3648.6999999999935,0.05097706032285471,Low Risk
PO-00504,Delta_Logistics,2022-09-29,2022-10-19,MRO,Delivered,1466,68.82,66.82,211.0,Yes,Completed,Verified,Paid,97958.12,20.0,2932.0,0.14392905866302866,High Risk
PO-00505,Epsilon_Group,2022-02-09,2022-02-13,Electronics,Delivered,1884,47.08,44.31,54.0,Yes,Completed,Verified,Paid,83480.04000000001,4.0,5218.679999999992,0.028662420382165606,Low Risk
PO-00506,Beta_Supplies,2022-04-22,2022-05-08,Electronics,Delivered,295,60.58,57.32,31.0,Yes,Completed,Verified,Paid,16909.4,16.0,961.6999999999994,0.10508474576271186,High Risk
PO-00507,Gamma_Co,2023-09-03,2023-09-04,Raw Materials,Delivered,1249,54.18,47.29,59.0,Yes,Completed,Verified,Paid,59065.21,1.0,8605.61,0.04723779023218575,Low Risk
PO-00508,Delta_Logistics,2023-03-21,2023-04-09,Raw Materials,Delivered,1112,39.06,33.6,184.0,No,Completed,Verified,Paid,37363.200000000004,19.0,6071.520000000001,0.16546762589928057,High Risk
PO-00509,Gamma_Co,2022-12-20,2022-12-25,Office Supplies,Delivered,1550,100.61,97.43,66.0,Yes,Completed,Verified,Paid,151016.5,5.0,4928.999999999988,0.04258064516129032,Low Risk
PO-00510,Delta_Logistics,2022-11-18,2022-11-19,Electronics,Delivered,1755,82.66,73.67,258.0,No,Completed,Verified,Paid,129290.85,1.0,15777.449999999992,0.147008547008547,High Risk
PO-00511,Gamma_Co,2023-03-23,2023-03-31,Raw Materials,Delivered,808,24.19,21.64,39.0,Yes,Completed,Verified,Paid,17485.12,8.0,2060.4000000000005,0.04826732673267327,Low Risk
PO-00512,Alpha_Inc,2023-09-13,2023-09-19,Raw Materials,Partially Delivered,587,96.98,95.35,14.0,Yes,Completed,Pending,Not Paid,55970.45,6.0,956.8100000000056,0.02385008517887564,Low Risk
PO-00513,Epsilon_Group,2023-06-08,2023-06-11,MRO,Delivered,1940,58.45,50.29,54.0,Yes,Completed,Verified,Paid,97562.59999999999,3.0,15830.400000000007,0.027835051546391754,Low Risk
PO-00514,Beta_Supplies,2022-04-29,2022-05-11,Office Supplies,Cancelled,1891,91.87,80.28,158.0,Yes,Completed,Pending,Not Paid,151809.48,12.0,21916.690000000006,0.08355367530407191,Low Risk
PO-00515,Epsilon_Group,2023-01-30,2023-02-16,Packaging,Delivered,970,86.91,78.44,18.0,Yes,Completed,Verified,Paid,76086.8,17.0,8215.9,0.018556701030927835,Low Risk
PO-00516,Epsilon_Group,2023-08-14,2023-08-31,MRO,Delivered,457,52.85,50.34,16.0,Yes,Completed,Verified,Paid,23005.38,17.0,1147.069999999999,0.0350109409190372,Low Risk
PO-00517,Beta_Supplies,2022-07-14,2022-07-27,Office Supplies,Cancelled,574,12.38,11.47,,No,Completed,Pending,Not Paid,6583.780000000001,13.0,522.34,,Low Risk
PO-00518,Epsilon_Group,2022-09-18,2022-09-20,Office Supplies,Delivered,877,35.55,34.69,24.0,Yes,Completed,Verified,Paid,30423.129999999997,2.0,754.2199999999995,0.027366020524515394,Low Risk
PO-00519,Alpha_Inc,2022-02-15,2022-02-27,MRO,Delivered,1579,59.04,50.95,29.0,Yes,Completed,Verified,Paid,80450.05,12.0,12774.109999999993,0.01836605446485117,Low Risk
PO-00520,Delta_Logistics,2023-12-27,2023-12-28,Raw Materials,Delivered,952,74.72,69.73,,Yes,Completed,Verified,Paid,66382.96,1.0,4750.479999999995,,Low Risk
PO-00521,Beta_Supplies,2023-03-23,2023-03-26,Raw Materials,Pending,1898,35.53,33.25,187.0,Yes,Completed,Pending,Not Paid,63108.5,3.0,4327.440000000002,0.09852476290832456,Low Risk
PO-00522,Delta_Logistics,2022-01-02,2022-01-06,Packaging,Delivered,85,22.54,20.68,6.0,Yes,Completed,Verified,Paid,1757.8,4.0,158.09999999999997,0.07058823529411765,Low Risk
PO-00523,Gamma_Co,2023-06-17,2023-06-28,Packaging,Pending,734,92.38,78.92,34.0,No,Completed,Pending,Not Paid,57927.28,11.0,9879.639999999996,0.04632152588555858,Low Risk
PO-00524,Alpha_Inc,2023-07-06,2023-07-18,Office Supplies,Delivered,69,107.47,105.53,,Yes,Completed,Verified,Paid,7281.57,12.0,133.85999999999984,,Low Risk
PO-00525,Delta_Logistics,2023-12-05,2023-12-11,Packaging,Delivered,370,63.9,55.79,59.0,Yes,Completed,Verified,Paid,20642.3,6.0,3000.7,0.15945945945945947,High Risk
PO-00526,Delta_Logistics,2023-11-18,2023-12-03,MRO,Delivered,1849,28.25,27.53,271.0,Yes,Completed,Verified,Paid,50902.97,15.0,1331.279999999998,0.14656571119524067,High Risk
PO-00527,Beta_Supplies,2022-07-21,,Packaging,Delivered,561,35.54,30.99,68.0,No,Pending,Verified,Paid,17385.39,,2552.55,0.12121212121212122,High Risk
PO-00528,Gamma_Co,2023-01-08,2023-01-14,Electronics,Delivered,449,12.35,10.67,29.0,Yes,Completed,Verified,Paid,4790.83,6.0,754.3199999999998,0.0645879732739421,Low Risk
PO-00529,Beta_Supplies,2023-03-18,2023-03-21,Office Supplies,Delivered,703,98.75,86.78,59.0,Yes,Completed,Verified,Paid,61006.340000000004,3.0,8414.91,0.08392603129445235,Low Risk
PO-00530,Gamma_Co,2022-03-13,2022-03-28,Electronics,Delivered,1021,20.8,18.23,37.0,Yes,Completed,Verified,Paid,18612.83,15.0,2623.9700000000003,0.03623898139079334,Low Risk
PO-00531,Beta_Supplies,2023-11-12,2023-11-19,Office Supplies,Delivered,1956,68.69,65.09,,Yes,Completed,Verified,Paid,127316.04000000001,7.0,7041.5999999999885,,Low Risk
PO-00532,Delta_Logistics,2022-12-05,2022-12-12,Office Supplies,Partially Delivered,520,36.57,34.78,67.0,No,Completed,Pending,Not Paid,18085.600000000002,7.0,930.7999999999995,0.12884615384615383,High Risk
PO-00533,Delta_Logistics,2023-10-01,2023-10-12,MRO,Delivered,1216,66.16,63.0,179.0,No,Completed,Verified,Paid,76608.0,11.0,3842.559999999996,0.14720394736842105,High Risk
PO-00534,Alpha_Inc,2022-11-18,,Raw Materials,Delivered,1165,72.06,63.93,,Yes,Pending,Verified,Paid,74478.45,,9471.450000000003,,Low Risk
PO-00535,Delta_Logistics,2023-11-11,2023-11-29,Packaging,Pending,1427,93.99,83.6,213.0,Yes,Completed,Pending,Not Paid,119297.2,18.0,14826.53,0.14926419060967064,High Risk
PO-00536,Epsilon_Group,2022-05-08,2022-05-10,Electronics,Delivered,883,29.15,25.75,14.0,Yes,Completed,Verified,Paid,22737.25,2.0,3002.199999999999,0.015855039637599093,Low Risk
PO-00537,Delta_Logistics,2022-11-04,2022-11-11,Packaging,Partially Delivered,1873,11.54,9.89,284.0,No,Completed,Pending,Not Paid,18523.97,7.0,3090.4499999999975,0.15162840363053925,High Risk
PO-00538,Epsilon_Group,2023-06-04,2023-06-06,Office Supplies,Delivered,776,24.22,22.53,27.0,Yes,Completed,Verified,Paid,17483.280000000002,2.0,1311.4399999999982,0.03479381443298969,Low Risk
PO-00539,Delta_Logistics,2022-11-13,2022-11-24,Electronics,Delivered,903,95.55,92.45,149.0,No,Completed,Verified,Paid,83482.35,11.0,2799.2999999999947,0.16500553709856036,High Risk
PO-00540,Epsilon_Group,2023-11-14,2023-11-26,Electronics,Delivered,100,98.4,85.76,3.0,Yes,Completed,Verified,Paid,8576.0,12.0,1264.0,0.03,Low Risk
PO-00541,Epsilon_Group,2023-02-23,2023-03-08,Office Supplies,Delivered,1738,67.91,61.15,,Yes,Completed,Verified,Paid,106278.7,13.0,11748.879999999997,,Low Risk
PO-00542,Delta_Logistics,2022-12-01,2022-12-14,Packaging,Delivered,1771,67.57,61.48,280.0,No,Completed,Verified,Paid,108881.07999999999,13.0,10785.389999999994,0.15810276679841898,High Risk
PO-00543,Epsilon_Group,2023-02-17,2023-02-23,Electronics,Delivered,624,74.39,66.3,18.0,No,Completed,Verified,Paid,41371.2,6.0,5048.160000000002,0.028846153846153848,Low Risk
PO-00544,Alpha_Inc,2023-12-15,2023-12-31,Packaging,Partially Delivered,1263,28.75,27.1,26.0,Yes,Completed,Pending,Not Paid,34227.3,16.0,2083.949999999998,0.02058590657165479,Low Risk
PO-00545,Gamma_Co,2022-10-30,2022-11-16,Electronics,Cancelled,1198,96.45,90.09,,Yes,Completed,Pending,Not Paid,107927.82,17.0,7619.28,,Low Risk
PO-00546,Epsilon_Group,2023-07-22,2023-07-25,Raw Materials,Delivered,199,51.98,45.64,,No,Completed,Verified,Paid,9082.36,3.0,1261.6599999999992,,Low Risk
PO-00547,Epsilon_Group,2022-05-11,2022-05-14,MRO,Pending,363,45.37,38.73,,Yes,Completed,Pending,Not Paid,14058.989999999998,3.0,2410.32,,Low Risk
PO-00548,Alpha_Inc,2022-07-16,2022-07-22,Office Supplies,Delivered,619,58.4,51.04,,Yes,Completed,Verified,Paid,31593.76,6.0,4555.839999999999,,Low Risk
PO-00549,Alpha_Inc,2023-03-07,2023-03-18,MRO,Delivered,1415,15.22,13.56,30.0,Yes,Completed,Verified,Paid,19187.4,11.0,2348.9,0.02120141342756184,Low Risk
PO-00550,Beta_Supplies,2023-11-12,2023-11-23,Packaging,Delivered,354,27.71,23.87,39.0,No,Completed,Verified,Paid,8449.98,11.0,1359.36,0.11016949152542373,High Risk
PO-00551,Gamma_Co,2023-01-24,2023-02-03,MRO,Delivered,1765,81.01,78.43,78.0,Yes,Completed,Verified,Paid,138428.95,10.0,4553.699999999997,0.04419263456090652,Low Risk
PO-00552,Beta_Supplies,2023-11-25,2023-12-09,MRO,Delivered,731,19.37,17.3,69.0,No,Completed,Verified,Paid,12646.300000000001,14.0,1513.1700000000003,0.09439124487004104,Low Risk
PO-00553,Epsilon_Group,2022-06-28,2022-07-13,MRO,Delivered,887,65.89,59.67,29.0,Yes,Completed,Verified,Paid,52927.29,15.0,5517.139999999999,0.03269447576099211,Low Risk
PO-00554,Alpha_Inc,2023-09-23,2023-09-25,MRO,Delivered,1856,35.29,32.41,26.0,Yes,Completed,Verified,Paid,60152.95999999999,2.0,5345.280000000004,0.014008620689655173,Low Risk
PO-00555,Epsilon_Group,2023-08-06,2023-08-18,Office Supplies,Delivered,1127,49.32,46.49,30.0,Yes,Completed,Verified,Paid,52394.23,12.0,3189.409999999998,0.026619343389529725,Low Risk
PO-00556,Delta_Logistics,2022-11-05,2022-11-19,Raw Materials,Delivered,1052,37.78,32.6,162.0,Yes,Completed,Verified,Paid,34295.200000000004,14.0,5449.36,0.15399239543726237,High Risk
PO-00557,Gamma_Co,2023-02-20,2023-02-22,Raw Materials,Delivered,493,44.74,41.44,24.0,No,Completed,Verified,Paid,20429.92,2.0,1626.9000000000021,0.0486815415821501,Low Risk
PO-00558,Delta_Logistics,2023-07-16,2023-07-29,MRO,Partially Delivered,662,81.44,71.33,87.0,Yes,Completed,Pending,Not Paid,47220.46,13.0,6692.82,0.13141993957703926,High Risk
PO-00559,Alpha_Inc,2022-01-01,2022-01-07,Raw Materials,Delivered,1042,36.74,35.78,33.0,Yes,Completed,Verified,Paid,37282.76,6.0,1000.3200000000008,0.03166986564299424,Low Risk
PO-00560,Alpha_Inc,2022-11-08,,Raw Materials,Delivered,313,64.03,57.74,1.0,Yes,Pending,Verified,Paid,18072.62,,1968.7699999999998,0.003194888178913738,Low Risk
PO-00561,Alpha_Inc,2022-10-21,2022-11-10,Office Supplies,Delivered,1126,55.22,50.38,,Yes,Completed,Verified,Paid,56727.880000000005,20.0,5449.839999999996,,Low Risk
PO-00562,Gamma_Co,2022-08-04,2022-08-19,MRO,Delivered,1645,72.17,64.0,79.0,Yes,Completed,Verified,Paid,105280.0,15.0,13439.650000000003,0.04802431610942249,Low Risk
PO-00563,Beta_Supplies,2023-03-17,2023-03-20,Packaging,Delivered,1053,100.92,92.35,104.0,Yes,Completed,Verified,Paid,97244.54999999999,3.0,9024.210000000008,0.09876543209876543,Low Risk
PO-00564,Epsilon_Group,2023-08-17,2023-08-29,MRO,Delivered,1693,83.14,73.3,62.0,Yes,Completed,Verified,Paid,124096.9,12.0,16659.120000000006,0.03662138216184288,Low Risk
PO-00565,Epsilon_Group,2023-09-14,2023-10-03,Raw Materials,Pending,54,32.28,28.65,3.0,Yes,Completed,Pending,Not Paid,1547.1,19.0,196.02000000000015,0.05555555555555555,Low Risk
PO-00566,Epsilon_Group,2023-11-02,2023-11-07,Packaging,Delivered,1176,14.22,12.21,33.0,Yes,Completed,Verified,Paid,14358.960000000001,5.0,2363.7599999999998,0.02806122448979592,Low Risk
PO-00567,Epsilon_Group,2022-11-26,2022-12-08,Raw Materials,Delivered,1269,35.28,33.7,35.0,Yes,Completed,Verified,Paid,42765.3,12.0,2005.019999999998,0.027580772261623327,Low Risk
PO-00568,Epsilon_Group,2023-04-22,2023-04-25,Raw Materials,Delivered,823,68.32,64.46,19.0,Yes,Completed,Verified,Paid,53050.579999999994,3.0,3176.7799999999997,0.023086269744835967,Low Risk
PO-00569,Beta_Supplies,2023-03-29,2023-04-15,Electronics,Delivered,926,15.65,13.49,94.0,No,Completed,Verified,Paid,12491.74,17.0,2000.16,0.10151187904967603,High Risk
PO-00570,Delta_Logistics,2023-03-29,2023-04-09,Electronics,Cancelled,1041,58.5,52.54,170.0,No,Completed,Pending,Not Paid,54694.14,11.0,6204.360000000001,0.1633045148895293,High Risk
PO-00571,Gamma_Co,2023-11-23,2023-12-01,Electronics,Pending,933,70.72,65.47,42.0,Yes,Completed,Pending,Not Paid,61083.51,8.0,4898.25,0.04501607717041801,Low Risk
PO-00572,Delta_Logistics,2022-08-07,,Raw Materials,Delivered,1423,41.48,40.9,199.0,Yes,Pending,Verified,Paid,58200.7,,825.3399999999975,0.1398453970484891,High Risk
PO-00573,Delta_Logistics,2023-06-08,2023-06-14,MRO,Delivered,96,86.13,80.32,12.0,No,Completed,Verified,Paid,7710.719999999999,6.0,557.7600000000002,0.125,High Risk
PO-00574,Epsilon_Group,2023-04-30,2023-05-13,MRO,Delivered,916,21.06,19.53,25.0,Yes,Completed,Verified,Paid,17889.48,13.0,1401.4799999999977,0.027292576419213975,Low Risk
PO-00575,Epsilon_Group,2022-06-23,,Raw Materials,Delivered,872,17.18,16.63,20.0,Yes,Pending,Verified,Paid,14501.359999999999,,479.6000000000006,0.022935779816513763,Low Risk
PO-00576,Beta_Supplies,2023-11-06,2023-11-15,Electronics,Delivered,985,83.85,80.88,,No,Completed,Verified,Paid,79666.79999999999,9.0,2925.449999999999,,Low Risk
PO-00577,Gamma_Co,2022-03-28,2022-04-04,Raw Materials,Delivered,1893,55.14,50.1,98.0,Yes,Completed,Verified,Paid,94839.3,7.0,9540.719999999998,0.051769677760169046,Low Risk
PO-00578,Alpha_Inc,2022-10-18,,MRO,Delivered,705,75.19,69.55,19.0,Yes,Pending,Verified,Paid,49032.75,,3976.2000000000003,0.02695035460992908,Low Risk
PO-00579,Delta_Logistics,2023-06-12,2023-06-28,MRO,Delivered,318,53.31,51.78,,No,Completed,Verified,Paid,16466.04,16.0,486.54000000000036,,Low Risk
PO-00580,Alpha_Inc,2023-11-11,2023-11-16,Office Supplies,Pending,419,35.72,32.74,7.0,Yes,Completed,Pending,Not Paid,13718.060000000001,5.0,1248.6199999999988,0.016706443914081145,Low Risk
PO-00581,Gamma_Co,2023-10-11,2023-10-26,MRO,Delivered,685,92.51,90.05,38.0,Yes,Completed,Verified,Paid,61684.25,15.0,1685.1000000000054,0.05547445255474453,Low Risk
PO-00582,Delta_Logistics,2023-09-27,2023-10-12,Office Supplies,Partially Delivered,1179,90.14,82.63,194.0,Yes,Completed,Pending,Not Paid,97420.76999999999,15.0,8854.290000000006,0.1645462256149279,High Risk
PO-00583,Alpha_Inc,2022-12-10,,Raw Materials,Delivered,1743,76.51,65.88,40.0,Yes,Pending,Verified,Paid,114828.84,,18528.09000000002,0.022948938611589215,Low Risk
PO-00584,Alpha_Inc,2022-04-06,2022-04-17,MRO,Delivered,1732,35.01,34.18,40.0,Yes,Completed,Verified,Paid,59199.76,11.0,1437.559999999997,0.023094688221709007,Low Risk
PO-00585,Beta_Supplies,2022-08-29,2022-09-01,Office Supplies,Delivered,706,65.33,62.06,60.0,No,Completed,Verified,Paid,43814.36,3.0,2308.619999999997,0.08498583569405099,Low Risk
PO-00586,Gamma_Co,2023-11-20,2023-11-30,MRO,Cancelled,169,47.16,43.4,,Yes,Completed,Pending,Not Paid,7334.599999999999,10.0,635.4399999999997,,Low Risk
PO-00587,Gamma_Co,2022-11-14,2022-11-20,Office Supplies,Pending,880,19.15,18.69,,No,Completed,Pending,Not Paid,16447.2,6.0,404.7999999999976,,Low Risk
PO-00588,Gamma_Co,2022-08-19,2022-08-25,MRO,Delivered,1860,95.8,92.17,105.0,No,Completed,Verified,Paid,171436.2,6.0,6751.799999999992,0.056451612903225805,Low Risk
PO-00589,Delta_Logistics,2022-07-23,2022-08-09,MRO,Delivered,1677,22.98,21.71,246.0,Yes,Completed,Verified,Paid,36407.67,17.0,2129.7899999999995,0.14669051878354203,High Risk
PO-00590,Beta_Supplies,2022-05-31,2022-06-07,Packaging,Partially Delivered,1131,97.43,91.28,103.0,Yes,Completed,Pending,Not Paid,103237.68000000001,7.0,6955.650000000006,0.09106984969053934,Low Risk
PO-00591,Epsilon_Group,2022-01-26,2022-02-03,Raw Materials,Cancelled,1419,50.14,43.46,,Yes,Completed,Pending,Not Paid,61669.74,8.0,9478.92,,Low Risk
PO-00592,Delta_Logistics,2022-02-17,2022-02-18,Raw Materials,Pending,790,26.8,25.62,115.0,Yes,Completed,Pending,Not Paid,20239.8,1.0,932.1999999999998,0.14556962025316456,High Risk
PO-00593,Gamma_Co,2022-09-08,2022-09-27,MRO,Pending,1547,61.12,53.43,77.0,Yes,Completed,Pending,Not Paid,82656.21,19.0,11896.429999999997,0.049773755656108594,Low Risk
PO-00594,Delta_Logistics,2023-05-02,2023-05-20,Office Supplies,Cancelled,166,95.65,94.48,23.0,Yes,Completed,Pending,Not Paid,15683.68,18.0,194.22000000000028,0.13855421686746988,High Risk
PO-00595,Alpha_Inc,2023-09-18,2023-09-21,Electronics,Delivered,1903,83.49,82.33,43.0,Yes,Completed,Verified,Paid,156673.99,3.0,2207.4799999999937,0.02259590120861797,Low Risk
PO-00596,Delta_Logistics,2022-03-16,2022-03-29,Office Supplies,Partially Delivered,840,83.42,80.35,153.0,Yes,Completed,Pending,Not Paid,67494.0,13.0,2578.800000000006,0.18214285714285713,High Risk
PO-00597,Delta_Logistics,2023-04-12,,MRO,Delivered,1200,74.49,64.63,161.0,Yes,Pending,Verified,Paid,77556.0,,11832.0,0.13416666666666666,High Risk
PO-00598,Gamma_Co,2023-03-01,2023-03-18,Raw Materials,Delivered,1466,77.37,70.35,72.0,Yes,Completed,Verified,Paid,103133.09999999999,17.0,10291.320000000014,0.04911323328785812,Low Risk
PO-00599,Alpha_Inc,2023-10-07,2023-10-21,Office Supplies,Delivered,1981,95.5,94.39,49.0,Yes,Completed,Verified,Paid,186986.59,14.0,2198.909999999999,0.024734982332155476,Low Risk
PO-00600,Gamma_Co,2023-08-13,2023-08-16,Packaging,Delivered,1062,35.55,32.38,,Yes,Completed,Verified,Paid,34387.560000000005,3.0,3366.539999999994,,Low Risk
PO-00601,Alpha_Inc,2022-07-19,2022-07-30,MRO,Delivered,1714,55.67,55.09,42.0,Yes,Completed,Verified,Paid,94424.26000000001,11.0,994.119999999997,0.024504084014002333,Low Risk
PO-00602,Alpha_Inc,2023-12-15,2023-12-30,Office Supplies,Delivered,1131,33.35,31.28,23.0,Yes,Completed,Verified,Paid,35377.68,15.0,2341.1700000000005,0.020335985853227233,Low Risk
PO-00603,Alpha_Inc,2023-01-29,2023-02-15,Office Supplies,Delivered,683,104.82,101.34,,Yes,Completed,Verified,Paid,69215.22,17.0,2376.839999999993,,Low Risk
PO-00604,Gamma_Co,2023-05-22,2023-06-09,Packaging,Partially Delivered,562,102.56,90.88,38.0,Yes,Completed,Pending,Not Paid,51074.56,18.0,6564.1600000000035,0.06761565836298933,Low Risk
PO-00605,Alpha_Inc,2023-02-14,2023-02-20,Electronics,Delivered,1824,14.43,14.11,36.0,Yes,Completed,Verified,Paid,25736.64,6.0,583.6800000000005,0.019736842105263157,Low Risk
PO-00606,Beta_Supplies,2022-09-07,2022-09-12,Electronics,Partially Delivered,851,76.44,74.76,91.0,Yes,Completed,Pending,Not Paid,63620.76,5.0,1429.6799999999937,0.10693301997649823,High Risk
PO-00607,Beta_Supplies,2022-06-01,2022-06-03,Office Supplies,Delivered,1169,95.6,82.16,103.0,Yes,Completed,Verified,Paid,96045.04,2.0,15711.359999999997,0.08810949529512403,Low Risk
PO-00608,Epsilon_Group,2023-11-03,2023-11-20,MRO,Delivered,1711,29.14,26.35,48.0,Yes,Completed,Verified,Paid,45084.850000000006,17.0,4773.689999999999,0.028053769725306838,Low Risk
PO-00609,Beta_Supplies,2023-12-06,2023-12-12,Packaging,Pending,1191,68.14,61.71,112.0,Yes,Completed,Pending,Not Paid,73496.61,6.0,7658.13,0.09403862300587741,Low Risk
PO-00610,Epsilon_Group,2022-01-06,2022-01-14,Electronics,Delivered,609,92.39,82.75,29.0,Yes,Completed,Verified,Paid,50394.75,8.0,5870.76,0.047619047619047616,Low Risk
PO-00611,Beta_Supplies,2022-04-20,2022-05-07,Office Supplies,Delivered,1674,13.25,11.77,181.0,Yes,Completed,Verified,Paid,19702.98,17.0,2477.520000000001,0.1081242532855436,High Risk
PO-00612,Gamma_Co,2023-03-12,2023-03-15,MRO,Delivered,537,77.86,71.18,20.0,Yes,Completed,Verified,Paid,38223.66,3.0,3587.159999999996,0.037243947858473,Low Risk
PO-00613,Epsilon_Group,2022-08-13,2022-08-31,Electronics,Delivered,1310,38.05,37.0,45.0,Yes,Completed,Verified,Paid,48470.0,18.0,1375.4999999999964,0.03435114503816794,Low Risk
PO-00614,Delta_Logistics,2022-06-30,2022-07-10,Raw Materials,Delivered,1958,95.53,91.72,308.0,Yes,Completed,Verified,Paid,179587.76,10.0,7459.980000000004,0.15730337078651685,High Risk
PO-00615,Delta_Logistics,2023-12-14,2023-12-17,Office Supplies,Delivered,946,108.6,101.78,146.0,Yes,Completed,Verified,Paid,96283.88,3.0,6451.719999999994,0.1543340380549683,High Risk
PO-00616,Beta_Supplies,2023-06-15,2023-06-21,Packaging,Partially Delivered,1345,103.06,95.14,,Yes,Completed,Pending,Not Paid,127963.3,6.0,10652.400000000001,,Low Risk
PO-00617,Delta_Logistics,2023-04-21,2023-05-10,MRO,Delivered,1262,56.63,51.46,,No,Completed,Verified,Paid,64942.520000000004,19.0,6524.540000000002,,Low Risk
PO-00618,Beta_Supplies,2022-02-21,2022-03-13,Office Supplies,Pending,753,88.02,79.92,75.0,Yes,Completed,Pending,Not Paid,60179.76,20.0,6099.299999999996,0.099601593625498,Low Risk
PO-00619,Beta_Supplies,2023-07-25,2023-08-14,Electronics,Delivered,1520,93.75,81.63,149.0,Yes,Completed,Verified,Paid,124077.59999999999,20.0,18422.40000000001,0.09802631578947368,Low Risk
PO-00620,Delta_Logistics,2022-09-13,2022-10-02,Office Supplies,Delivered,630,40.27,37.54,76.0,Yes,Completed,Verified,Paid,23650.2,19.0,1719.9000000000026,0.12063492063492064,High Risk
PO-00621,Delta_Logistics,2022-05-05,2022-05-06,Office Supplies,Delivered,839,86.29,82.51,110.0,Yes,Completed,Verified,Paid,69225.89,1.0,3171.420000000001,0.13110846245530394,High Risk
PO-00622,Alpha_Inc,2023-04-13,2023-05-02,Electronics,Delivered,910,14.33,14.07,27.0,Yes,Completed,Verified,Paid,12803.7,19.0,236.5999999999998,0.02967032967032967,Low Risk
PO-00623,Epsilon_Group,2022-05-17,2022-05-24,Raw Materials,Delivered,296,64.94,63.61,,Yes,Completed,Verified,Paid,18828.56,7.0,393.6799999999995,,Low Risk
PO-00624,Beta_Supplies,2023-04-21,2023-05-05,MRO,Delivered,1149,33.0,30.65,141.0,Yes,Completed,Verified,Paid,35216.85,14.0,2700.1500000000015,0.1227154046997389,High Risk
PO-00625,Delta_Logistics,2023-11-15,2023-11-16,Electronics,Delivered,203,23.14,20.0,,No,Completed,Verified,Paid,4060.0,1.0,637.4200000000001,,Low Risk
PO-00626,Epsilon_Group,2023-06-28,2023-07-16,Office Supplies,Delivered,1729,18.36,16.34,47.0,Yes,Completed,Verified,Paid,28251.86,18.0,3492.5799999999995,0.027183342972816656,Low Risk
PO-00627,Delta_Logistics,2023-07-27,2023-08-06,Office Supplies,Delivered,1508,79.21,73.27,226.0,Yes,Completed,Verified,Paid,110491.15999999999,10.0,8957.519999999997,0.14986737400530503,High Risk
PO-00628,Delta_Logistics,2023-09-02,2023-09-15,Packaging,Partially Delivered,1046,44.65,40.1,165.0,No,Completed,Pending,Not Paid,41944.6,13.0,4759.299999999997,0.1577437858508604,High Risk
PO-00629,Alpha_Inc,2022-11-21,2022-11-24,Office Supplies,Delivered,1159,78.99,71.69,14.0,Yes,Completed,Verified,Paid,83088.70999999999,3.0,8460.699999999997,0.012079378774805867,Low Risk
PO-00630,Beta_Supplies,2023-03-30,2023-04-05,Electronics,Delivered,746,16.99,15.35,69.0,No,Completed,Verified,Paid,11451.1,6.0,1223.4399999999991,0.09249329758713137,Low Risk
PO-00631,Beta_Supplies,2023-09-20,2023-10-06,Packaging,Delivered,1358,42.21,38.75,128.0,Yes,Completed,Verified,Paid,52622.5,16.0,4698.680000000001,0.09425625920471281,Low Risk
PO-00632,Gamma_Co,2023-06-01,2023-06-12,Office Supplies,Delivered,1293,63.53,59.42,79.0,Yes,Completed,Verified,Paid,76830.06,11.0,5314.23,0.06109822119102862,Low Risk
PO-00633,Alpha_Inc,2023-03-13,2023-03-24,Electronics,Delivered,1142,86.85,74.28,30.0,Yes,Completed,Verified,Paid,84827.76,11.0,14354.939999999991,0.02626970227670753,Low Risk
PO-00634,Epsilon_Group,2023-07-16,2023-07-27,MRO,Delivered,1120,42.17,37.47,33.0,Yes,Completed,Verified,Paid,41966.4,11.0,5264.000000000004,0.029464285714285714,Low Risk
PO-00635,Alpha_Inc,2023-04-02,2023-04-14,MRO,Delivered,1058,71.3,62.04,,Yes,Completed,Verified,Paid,65638.31999999999,12.0,9797.079999999998,,Low Risk
PO-00636,Epsilon_Group,2022-06-12,,Office Supplies,Delivered,143,91.98,86.02,5.0,Yes,Pending,Verified,Paid,12300.859999999999,,852.2800000000011,0.03496503496503497,Low Risk
PO-00637,Beta_Supplies,2023-05-02,2023-05-14,MRO,Delivered,1823,70.66,66.92,202.0,Yes,Completed,Verified,Paid,121995.16,12.0,6818.01999999999,0.11080636313768513,High Risk
PO-00638,Gamma_Co,2023-04-06,2023-04-10,Office Supplies,Delivered,1007,33.29,28.48,49.0,Yes,Completed,Verified,Paid,28679.36,4.0,4843.669999999999,0.04865938430983118,Low Risk
PO-00639,Gamma_Co,2022-09-23,2022-10-08,Packaging,Delivered,1061,12.68,12.36,56.0,No,Completed,Verified,Paid,13113.96,15.0,339.5200000000003,0.0527803958529689,Low Risk
PO-00640,Beta_Supplies,2022-09-11,2022-09-26,MRO,Pending,502,91.84,82.33,,Yes,Completed,Pending,Not Paid,41329.659999999996,15.0,4774.020000000002,,Low Risk
PO-00641,Delta_Logistics,2023-10-15,2023-10-19,Packaging,Delivered,1277,13.17,11.63,199.0,No,Completed,Verified,Paid,14851.51,4.0,1966.579999999999,0.1558339859044636,High Risk
PO-00642,Alpha_Inc,2022-10-11,2022-10-24,Packaging,Delivered,961,92.72,88.49,22.0,Yes,Completed,Verified,Paid,85038.89,13.0,4065.030000000004,0.022892819979188347,Low Risk
PO-00643,Gamma_Co,2023-06-18,2023-07-02,Packaging,Delivered,267,62.5,61.18,17.0,Yes,Completed,Verified,Paid,16335.06,14.0,352.44000000000005,0.06367041198501873,Low Risk
PO-00644,Delta_Logistics,2023-05-12,2023-05-18,Raw Materials,Cancelled,523,102.08,99.59,,Yes,Completed,Pending,Not Paid,52085.57,6.0,1302.2699999999973,,Low Risk
PO-00645,Epsilon_Group,2023-10-04,2023-10-23,Electronics,Pending,481,90.49,77.17,,Yes,Completed,Pending,Not Paid,37118.770000000004,19.0,6406.919999999996,,Low Risk
PO-00646,Gamma_Co,2022-09-02,2022-09-09,Office Supplies,Delivered,390,103.81,100.12,20.0,Yes,Completed,Verified,Paid,39046.8,7.0,1439.099999999999,0.05128205128205128,Low Risk
PO-00647,Epsilon_Group,2022-10-09,2022-10-25,Packaging,Delivered,600,43.43,38.76,22.0,Yes,Completed,Verified,Paid,23256.0,16.0,2802.000000000001,0.03666666666666667,Low Risk
PO-00648,Delta_Logistics,2023-03-27,,Office Supplies,Delivered,1685,84.58,75.21,253.0,No,Pending,Verified,Paid,126728.84999999999,,15788.450000000008,0.15014836795252226,High Risk
PO-00649,Epsilon_Group,2022-03-21,2022-03-31,Packaging,Cancelled,1362,46.64,42.85,33.0,Yes,Completed,Pending,Not Paid,58361.700000000004,10.0,5161.979999999999,0.024229074889867842,Low Risk
PO-00650,Delta_Logistics,2024-01-01,2024-01-04,Electronics,Pending,1327,59.57,56.44,169.0,Yes,Completed,Pending,Not Paid,74895.87999999999,3.0,4153.510000000003,0.12735493594574226,High Risk
PO-00651,Epsilon_Group,2022-10-20,,MRO,Delivered,1807,69.47,60.0,50.0,Yes,Pending,Verified,Paid,108420.0,,17112.289999999997,0.02767017155506364,Low Risk
PO-00652,Alpha_Inc,2022-08-29,2022-09-06,Office Supplies,Pending,406,91.73,89.13,,Yes,Completed,Pending,Not Paid,36186.78,8.0,1055.6000000000035,,Low Risk
PO-00653,Gamma_Co,2022-10-06,2022-10-18,Raw Materials,Partially Delivered,72,103.0,89.49,1.0,No,Completed,Pending,Not Paid,6443.28,12.0,972.7200000000004,0.013888888888888888,Low Risk
PO-00654,Gamma_Co,2022-12-10,2022-12-20,Office Supplies,Delivered,1835,83.5,82.36,85.0,No,Completed,Verified,Paid,151130.6,10.0,2091.900000000001,0.04632152588555858,Low Risk
PO-00655,Delta_Logistics,2022-11-24,2022-12-10,Electronics,Pending,571,49.98,45.58,,No,Completed,Pending,Not Paid,26026.18,16.0,2512.399999999999,,Low Risk
PO-00656,Epsilon_Group,2023-07-08,2023-07-09,Packaging,Delivered,1831,52.24,50.44,60.0,Yes,Completed,Verified,Paid,92355.64,1.0,3295.800000000008,0.03276897870016385,Low Risk
PO-00657,Beta_Supplies,2022-03-24,2022-04-07,Office Supplies,Pending,1910,77.15,68.49,170.0,Yes,Completed,Pending,Not Paid,130815.9,14.0,16540.60000000002,0.08900523560209424,Low Risk
PO-00658,Gamma_Co,2022-05-22,2022-05-31,Electronics,Partially Delivered,1173,32.12,29.18,,Yes,Completed,Pending,Not Paid,34228.14,9.0,3448.619999999997,,Low Risk
PO-00659,Epsilon_Group,2022-06-04,2022-06-17,Packaging,Partially Delivered,851,20.44,19.22,22.0,Yes,Completed,Pending,Not Paid,16356.22,13.0,1038.220000000002,0.025851938895417155,Low Risk
PO-00660,Epsilon_Group,2022-08-25,2022-09-07,MRO,Cancelled,1253,43.38,38.01,34.0,Yes,Completed,Pending,Not Paid,47626.53,13.0,6728.610000000006,0.02713487629688747,Low Risk
PO-00661,Alpha_Inc,2023-01-28,2023-02-15,Electronics,Delivered,1296,38.0,33.42,33.0,Yes,Completed,Verified,Paid,43312.32,18.0,5935.679999999998,0.02546296296296296,Low Risk
PO-00662,Beta_Supplies,2023-12-12,2023-12-30,Raw Materials,Delivered,1979,40.88,39.46,221.0,Yes,Completed,Verified,Paid,78091.34,18.0,2810.1800000000035,0.11167256189994947,High Risk
PO-00663,Gamma_Co,2022-06-06,2022-06-19,Office Supplies,Delivered,811,31.8,30.33,58.0,Yes,Completed,Verified,Paid,24597.629999999997,13.0,1192.170000000002,0.07151664611590629,Low Risk
PO-00664,Alpha_Inc,2023-12-25,2024-01-12,Electronics,Delivered,1732,15.37,14.7,38.0,Yes,Completed,Verified,Paid,25460.399999999998,18.0,1160.4399999999998,0.021939953810623556,Low Risk
PO-00665,Beta_Supplies,2022-08-08,2022-08-28,Packaging,Delivered,491,12.01,11.67,47.0,Yes,Completed,Verified,Paid,5729.97,20.0,166.93999999999994,0.09572301425661914,Low Risk
PO-00666,Gamma_Co,2022-03-07,2022-03-11,Packaging,Cancelled,1681,99.88,96.38,90.0,Yes,Completed,Pending,Not Paid,162014.78,4.0,5883.5,0.05353955978584176,Low Risk
PO-00667,Alpha_Inc,2023-03-01,2023-03-05,Raw Materials,Partially Delivered,818,51.89,47.85,12.0,Yes,Completed,Pending,Not Paid,39141.3,4.0,3304.7199999999993,0.014669926650366748,Low Risk
PO-00668,Beta_Supplies,2023-02-22,2023-03-05,Office Supplies,Delivered,1065,47.49,41.42,113.0,Yes,Completed,Verified,Paid,44112.3,11.0,6464.55,0.10610328638497653,High Risk
PO-00669,Gamma_Co,2022-12-05,2022-12-17,Packaging,Delivered,1398,75.08,67.09,57.0,Yes,Completed,Verified,Paid,93791.82,12.0,11170.019999999993,0.0407725321888412,Low Risk
PO-00670,Beta_Supplies,2023-07-10,2023-07-17,Packaging,Delivered,565,32.31,29.76,60.0,Yes,Completed,Verified,Paid,16814.4,7.0,1440.7500000000005,0.10619469026548672,High Risk
PO-00671,Epsilon_Group,2023-04-23,2023-05-06,Packaging,Pending,1089,102.66,89.21,33.0,Yes,Completed,Pending,Not Paid,97149.68999999999,13.0,14647.050000000003,0.030303030303030304,Low Risk
PO-00672,Delta_Logistics,2023-03-02,2023-03-04,Electronics,Delivered,841,86.43,83.77,125.0,No,Completed,Verified,Paid,70450.56999999999,2.0,2237.060000000009,0.14863258026159334,High Risk
PO-00673,Delta_Logistics,2022-03-05,2022-03-16,Electronics,Delivered,385,18.23,17.74,,Yes,Completed,Verified,Paid,6829.9,11.0,188.65000000000077,,Low Risk
PO-00674,Epsilon_Group,2022-07-31,2022-08-17,Office Supplies,Delivered,1832,49.01,41.86,52.0,Yes,Completed,Verified,Paid,76687.52,17.0,13098.799999999997,0.028384279475982533,Low Risk
PO-00675,Beta_Supplies,2023-03-07,2023-03-27,Raw Materials,Delivered,307,95.36,83.63,29.0,Yes,Completed,Verified,Paid,25674.41,20.0,3601.110000000001,0.09446254071661238,Low Risk
PO-00676,Epsilon_Group,2023-02-03,2023-02-08,Office Supplies,Delivered,546,101.2,97.82,21.0,Yes,Completed,Verified,Paid,53409.719999999994,5.0,1845.4800000000052,0.038461538461538464,Low Risk
PO-00677,Delta_Logistics,2023-08-22,2023-09-11,Raw Materials,Delivered,945,57.01,55.14,147.0,No,Completed,Verified,Paid,52107.3,20.0,1767.1499999999976,0.15555555555555556,High Risk
PO-00678,Delta_Logistics,2023-12-14,2023-12-27,MRO,Pending,209,72.71,64.34,39.0,Yes,Completed,Pending,Not Paid,13447.060000000001,13.0,1749.3299999999979,0.18660287081339713,High Risk
PO-00679,Beta_Supplies,2022-01-21,,Packaging,Delivered,1548,25.03,22.87,,Yes,Pending,Verified,Paid,35402.76,,3343.6800000000003,,Low Risk
PO-00680,Delta_Logistics,2023-08-13,2023-08-23,Raw Materials,Delivered,901,108.63,106.3,141.0,Yes,Completed,Verified,Paid,95776.3,10.0,2099.3299999999986,0.1564927857935627,High Risk
PO-00681,Epsilon_Group,2023-01-25,2023-02-11,Packaging,Delivered,1737,32.7,31.02,48.0,Yes,Completed,Verified,Paid,53881.74,17.0,2918.1600000000058,0.027633851468048358,Low Risk
PO-00682,Beta_Supplies,2023-05-04,2023-05-22,Raw Materials,Delivered,1981,102.43,90.99,204.0,Yes,Completed,Verified,Paid,180251.19,18.0,22662.640000000025,0.10297829379101464,High Risk
PO-00683,Epsilon_Group,2022-01-07,2022-01-26,MRO,Pending,739,68.47,66.09,19.0,Yes,Completed,Pending,Not Paid,48840.51,19.0,1758.8199999999965,0.02571041948579161,Low Risk
PO-00684,Beta_Supplies,2022-12-27,2022-12-28,Raw Materials,Delivered,1748,68.25,62.84,171.0,Yes,Completed,Verified,Paid,109844.32,1.0,9456.679999999995,0.09782608695652174,Low Risk
PO-00685,Delta_Logistics,2022-11-02,2022-11-06,Office Supplies,Cancelled,429,58.95,55.35,59.0,No,Completed,Pending,Not Paid,23745.15,4.0,1544.4000000000005,0.13752913752913754,High Risk
PO-00686,Gamma_Co,2023-02-04,,Electronics,Delivered,1618,32.76,28.41,62.0,Yes,Pending,Verified,Paid,45967.38,,7038.2999999999965,0.038318912237330034,Low Risk
PO-00687,Beta_Supplies,2023-03-06,2023-03-07,Packaging,Delivered,1006,27.7,23.66,101.0,No,Completed,Verified,Paid,23801.96,1.0,4064.2399999999993,0.10039761431411531,High Risk
PO-00688,Beta_Supplies,2023-07-06,2023-07-15,Electronics,Partially Delivered,740,32.53,29.35,84.0,Yes,Completed,Pending,Not Paid,21719.0,9.0,2353.2,0.11351351351351352,High Risk
PO-00689,Gamma_Co,2023-07-14,,Raw Materials,Delivered,1500,29.19,27.24,72.0,Yes,Pending,Verified,Paid,40860.0,,2925.000000000004,0.048,Low Risk
PO-00690,Delta_Logistics,2023-09-10,2023-09-29,Office Supplies,Cancelled,1686,88.18,77.15,,Yes,Completed,Pending,Not Paid,130074.90000000001,19.0,18596.58,,Low Risk
PO-00691,Epsilon_Group,2022-08-14,2022-08-16,Raw Materials,Cancelled,1341,42.96,41.75,39.0,Yes,Completed,Pending,Not Paid,55986.75,2.0,1622.610000000001,0.029082774049217,Low Risk
PO-00692,Alpha_Inc,2023-05-15,2023-05-21,MRO,Cancelled,1908,16.42,15.31,36.0,Yes,Completed,Pending,Not Paid,29211.48,6.0,2117.8800000000024,0.018867924528301886,Low Risk
PO-00693,Gamma_Co,2022-08-13,2022-09-02,MRO,Partially Delivered,1650,100.62,90.45,85.0,Yes,Completed,Pending,Not Paid,149242.5,20.0,16780.500000000004,0.051515151515151514,Low Risk
PO-00694,Alpha_Inc,2022-10-07,2022-10-20,MRO,Delivered,1490,93.57,81.68,29.0,Yes,Completed,Verified,Paid,121703.20000000001,13.0,17716.09999999998,0.019463087248322148,Low Risk
PO-00695,Delta_Logistics,2023-03-23,2023-03-31,Raw Materials,Delivered,1241,100.04,97.56,187.0,Yes,Completed,Verified,Paid,121071.96,8.0,3077.680000000005,0.1506849315068493,High Risk
PO-00696,Beta_Supplies,2023-05-13,2023-05-17,MRO,Delivered,1915,107.51,102.66,184.0,Yes,Completed,Verified,Paid,196593.9,4.0,9287.750000000016,0.09608355091383812,Low Risk
PO-00697,Beta_Supplies,2022-01-30,2022-02-14,Raw Materials,Delivered,1116,25.65,24.28,121.0,Yes,Completed,Verified,Paid,27096.48,15.0,1528.9199999999971,0.10842293906810035,High Risk
PO-00698,Delta_Logistics,2023-02-03,2023-02-08,Raw Materials,Delivered,1629,48.63,43.28,260.0,Yes,Completed,Verified,Paid,70503.12,5.0,8715.150000000001,0.1596071209330878,High Risk
PO-00699,Epsilon_Group,2022-12-11,2022-12-18,Office Supplies,Delivered,334,82.54,74.63,,Yes,Completed,Verified,Paid,24926.42,7.0,2641.9400000000037,,Low Risk
PO-00700,Epsilon_Group,2023-11-16,2023-12-06,Packaging,Delivered,446,80.63,70.37,,Yes,Completed,Verified,Paid,31385.02,20.0,4575.9599999999955,,Low Risk
PO-00701,Delta_Logistics,2023-11-27,,Electronics,Delivered,61,26.47,24.62,6.0,Yes,Pending,Verified,Paid,1501.8200000000002,,112.84999999999987,0.09836065573770492,Low Risk
PO-00702,Delta_Logistics,2023-02-19,2023-02-21,Packaging,Delivered,1680,88.85,87.53,,Yes,Completed,Verified,Paid,147050.4,2.0,2217.5999999999885,,Low Risk
PO-00703,Delta_Logistics,2022-06-19,2022-07-06,Electronics,Delivered,1375,30.95,30.02,223.0,Yes,Completed,Verified,Paid,41277.5,17.0,1278.7499999999995,0.16218181818181818,High Risk
PO-00704,Delta_Logistics,2023-04-24,2023-05-05,Electronics,Partially Delivered,1971,32.4,30.48,321.0,Yes,Completed,Pending,Not Paid,60076.08,11.0,3784.3199999999965,0.1628614916286149,High Risk
PO-00705,Delta_Logistics,2022-05-11,,Raw Materials,Pending,1326,59.49,56.21,,Yes,Pending,Pending,Not Paid,74534.46,,4349.280000000002,,Low Risk
PO-00706,Delta_Logistics,2023-09-30,2023-10-13,MRO,Cancelled,548,69.7,61.87,90.0,Yes,Completed,Pending,Not Paid,33904.76,13.0,4290.840000000003,0.16423357664233576,High Risk
PO-00707,Beta_Supplies,2023-07-01,2023-07-07,MRO,Delivered,803,67.81,61.53,78.0,Yes,Completed,Verified,Paid,49408.590000000004,6.0,5042.840000000001,0.09713574097135741,Low Risk
PO-00708,Alpha_Inc,2022-01-28,2022-02-15,MRO,Delivered,84,18.23,15.55,0.0,Yes,Completed,Verified,Paid,1306.2,18.0,225.11999999999998,0.0,Low Risk
PO-00709,Epsilon_Group,2023-02-08,2023-02-20,Packaging,Delivered,776,94.75,90.89,19.0,Yes,Completed,Verified,Paid,70530.64,12.0,2995.3599999999997,0.024484536082474227,Low Risk
PO-00710,Alpha_Inc,2023-08-30,2023-09-08,MRO,Delivered,898,37.12,35.54,18.0,No,Completed,Verified,Paid,31914.92,9.0,1418.8399999999986,0.0200445434298441,Low Risk
PO-00711,Beta_Supplies,2023-08-01,2023-08-08,Office Supplies,Cancelled,139,23.71,20.18,14.0,Yes,Completed,Pending,Not Paid,2805.02,7.0,490.6700000000002,0.10071942446043165,High Risk
PO-00712,Gamma_Co,2023-11-10,,Raw Materials,Delivered,825,99.89,97.65,30.0,Yes,Pending,Verified,Paid,80561.25,,1847.9999999999957,0.03636363636363636,Low Risk
PO-00713,Alpha_Inc,2022-01-28,2022-02-07,MRO,Delivered,654,96.01,90.31,10.0,Yes,Completed,Verified,Paid,59062.74,10.0,3727.800000000002,0.01529051987767584,Low Risk
PO-00714,Gamma_Co,2022-03-27,2022-04-06,MRO,Delivered,1995,88.47,82.65,87.0,No,Completed,Verified,Paid,164886.75,10.0,11610.899999999987,0.04360902255639098,Low Risk
PO-00715,Beta_Supplies,2023-10-21,2023-10-28,MRO,Delivered,1019,91.56,77.93,111.0,No,Completed,Verified,Paid,79410.67000000001,7.0,13888.969999999996,0.10893032384690873,High Risk
PO-00716,Epsilon_Group,2023-03-15,2023-03-31,Packaging,Pending,1675,73.8,65.34,42.0,Yes,Completed,Pending,Not Paid,109444.5,16.0,14170.499999999989,0.02507462686567164,Low Risk
PO-00717,Gamma_Co,2022-05-19,2022-05-31,Raw Materials,Pending,1071,60.77,58.5,,Yes,Completed,Pending,Not Paid,62653.5,12.0,2431.1700000000033,,Low Risk
PO-00718,Beta_Supplies,2023-04-18,2023-04-27,Office Supplies,Delivered,467,19.17,17.11,49.0,Yes,Completed,Verified,Paid,7990.37,9.0,962.0200000000011,0.10492505353319058,High Risk
PO-00719,Delta_Logistics,2022-07-06,2022-07-25,MRO,Pending,164,48.16,47.46,27.0,Yes,Completed,Pending,Not Paid,7783.4400000000005,19.0,114.7999999999993,0.16463414634146342,High Risk
PO-00720,Epsilon_Group,2022-02-21,2022-03-06,Electronics,Cancelled,666,43.76,41.13,18.0,Yes,Completed,Pending,Not Paid,27392.58,13.0,1751.579999999997,0.02702702702702703,Low Risk
PO-00721,Delta_Logistics,2022-09-24,2022-10-07,Packaging,Partially Delivered,1976,34.71,31.56,286.0,No,Completed,Pending,Not Paid,62362.56,13.0,6224.400000000004,0.14473684210526316,High Risk
PO-00722,Epsilon_Group,2023-01-24,2023-01-29,MRO,Delivered,1269,79.61,71.86,47.0,Yes,Completed,Verified,Paid,91190.34,5.0,9834.75,0.037037037037037035,Low Risk
PO-00723,Epsilon_Group,2022-12-02,2022-12-12,MRO,Delivered,875,57.63,51.8,16.0,Yes,Completed,Verified,Paid,45325.0,10.0,5101.250000000005,0.018285714285714287,Low Risk
PO-00724,Alpha_Inc,2022-08-05,,Packaging,Partially Delivered,1574,17.9,15.85,31.0,Yes,Pending,Pending,Not Paid,24947.899999999998,,3226.6999999999985,0.019695044472681066,Low Risk
PO-00725,Epsilon_Group,2023-04-11,2023-04-26,Office Supplies,Partially Delivered,1699,32.05,29.34,69.0,Yes,Completed,Pending,Not Paid,49848.659999999996,15.0,4604.289999999995,0.04061212477928193,Low Risk
PO-00726,Alpha_Inc,2022-12-01,2022-12-17,Electronics,Delivered,1566,75.43,71.27,27.0,Yes,Completed,Verified,Paid,111608.81999999999,16.0,6514.560000000017,0.017241379310344827,Low Risk
PO-00727,Gamma_Co,2022-12-12,2022-12-30,Electronics,Delivered,1148,17.78,17.16,61.0,Yes,Completed,Verified,Paid,19699.68,18.0,711.7600000000011,0.05313588850174216,Low Risk
PO-00728,Epsilon_Group,2023-01-24,2023-02-11,Office Supplies,Delivered,462,91.81,83.14,11.0,Yes,Completed,Verified,Paid,38410.68,18.0,4005.540000000001,0.023809523809523808,Low Risk
PO-00729,Gamma_Co,2022-10-12,2022-10-17,Packaging,Delivered,1449,57.02,49.28,71.0,Yes,Completed,Verified,Paid,71406.72,5.0,11215.260000000002,0.04899930986887509,Low Risk
PO-00730,Epsilon_Group,2023-03-08,2023-03-27,MRO,Delivered,1493,56.98,52.51,43.0,Yes,Completed,Verified,Paid,78397.43,19.0,6673.709999999998,0.028801071667782986,Low Risk
PO-00731,Alpha_Inc,2022-09-16,2022-09-18,Office Supplies,Delivered,778,65.85,62.08,,No,Completed,Verified,Paid,48298.24,2.0,2933.0599999999968,,Low Risk
PO-00732,Delta_Logistics,2022-03-25,2022-04-11,Packaging,Partially Delivered,1350,85.06,82.34,,No,Completed,Pending,Not Paid,111159.0,17.0,3671.9999999999986,,Low Risk
PO-00733,Epsilon_Group,2023-04-27,2023-05-05,Packaging,Delivered,1070,44.4,40.07,26.0,Yes,Completed,Verified,Paid,42874.9,8.0,4633.0999999999985,0.024299065420560748,Low Risk
PO-00734,Beta_Supplies,2022-01-20,2022-02-03,Packaging,Pending,810,71.02,66.8,73.0,Yes,Completed,Pending,Not Paid,54108.0,14.0,3418.199999999999,0.09012345679012346,Low Risk
PO-00735,Delta_Logistics,2023-07-07,2023-07-23,Packaging,Cancelled,725,66.4,62.1,118.0,Yes,Completed,Pending,Not Paid,45022.5,16.0,3117.500000000003,0.16275862068965516,High Risk
PO-00736,Alpha_Inc,2022-02-23,2022-02-28,Electronics,Delivered,1467,34.2,30.5,25.0,Yes,Completed,Verified,Paid,44743.5,5.0,5427.900000000004,0.017041581458759374,Low Risk
PO-00737,Beta_Supplies,2022-12-25,2023-01-12,Packaging,Delivered,1942,93.98,81.31,198.0,Yes,Completed,Verified,Paid,157904.02000000002,18.0,24605.140000000003,0.101956745623069,High Risk
PO-00738,Gamma_Co,2022-08-18,,Office Supplies,Delivered,506,84.63,72.69,20.0,Yes,Pending,Verified,Paid,36781.14,,6041.6399999999985,0.039525691699604744,Low Risk
PO-00739,Alpha_Inc,2023-10-28,2023-11-13,MRO,Delivered,969,76.53,75.64,30.0,Yes,Completed,Verified,Paid,73295.16,16.0,862.4100000000005,0.030959752321981424,Low Risk
PO-00740,Delta_Logistics,2022-03-12,2022-03-19,MRO,Delivered,241,87.42,82.15,,Yes,Completed,Verified,Paid,19798.15,7.0,1270.069999999999,,Low Risk
PO-00741,Gamma_Co,2023-10-30,2023-11-09,Raw Materials,Delivered,788,97.3,94.44,32.0,Yes,Completed,Verified,Paid,74418.72,10.0,2253.6799999999994,0.04060913705583756,Low Risk
PO-00742,Gamma_Co,2022-02-11,2022-02-13,Office Supplies,Delivered,1762,74.12,65.71,94.0,Yes,Completed,Verified,Paid,115781.01999999999,2.0,14818.420000000018,0.053348467650397274,Low Risk
PO-00743,Alpha_Inc,2022-02-01,,Raw Materials,Pending,1172,85.76,81.43,25.0,Yes,Pending,Pending,Not Paid,95435.96,,5074.759999999998,0.021331058020477817,Low Risk
PO-00744,Delta_Logistics,2022-09-11,2022-09-30,Office Supplies,Delivered,1621,75.68,73.78,226.0,No,Completed,Verified,Paid,119597.38,19.0,3079.900000000009,0.13942011104256632,High Risk
PO-00745,Alpha_Inc,2022-07-24,2022-07-26,Packaging,Delivered,1027,73.35,65.42,24.0,No,Completed,Verified,Paid,67186.34,2.0,8144.109999999992,0.023369036027263874,Low Risk
PO-00746,Beta_Supplies,2022-01-21,,Raw Materials,Delivered,1058,65.68,57.21,101.0,Yes,Pending,Verified,Paid,60528.18,,8961.260000000006,0.09546313799621928,Low Risk
PO-00747,Beta_Supplies,2023-09-29,2023-10-05,Packaging,Delivered,145,85.52,81.86,11.0,No,Completed,Verified,Paid,11869.7,6.0,530.6999999999995,0.07586206896551724,Low Risk
PO-00748,Epsilon_Group,2022-06-06,,Office Supplies,Delivered,1737,24.88,24.28,46.0,Yes,Pending,Verified,Paid,42174.36,,1042.1999999999964,0.02648244099021301,Low Risk
PO-00749,Gamma_Co,2022-09-02,2022-09-15,Electronics,Delivered,712,92.85,89.39,43.0,Yes,Completed,Verified,Paid,63645.68,13.0,2463.5199999999954,0.060393258426966294,Low Risk
PO-00750,Epsilon_Group,2022-05-10,2022-05-16,Electronics,Delivered,1263,90.24,86.84,28.0,Yes,Completed,Verified,Paid,109678.92,6.0,4294.199999999989,0.022169437846397466,Low Risk
PO-00751,Delta_Logistics,2023-04-30,,Electronics,Delivered,1809,13.58,12.68,,No,Pending,Verified,Paid,22938.12,,1628.1000000000006,,Low Risk
PO-00752,Beta_Supplies,2023-11-17,,Electronics,Cancelled,86,93.6,88.22,5.0,Yes,Pending,Pending,Not Paid,7586.92,,462.6799999999996,0.05813953488372093,Low Risk
PO-00753,Epsilon_Group,2022-04-28,,MRO,Delivered,1853,21.92,20.72,,Yes,Pending,Verified,Paid,38394.159999999996,,2223.6000000000054,,Low Risk
PO-00754,Beta_Supplies,2023-08-01,2023-08-02,Electronics,Delivered,1442,43.98,41.82,140.0,No,Completed,Verified,Paid,60304.44,1.0,3114.7199999999953,0.0970873786407767,Low Risk
PO-00755,Beta_Supplies,2022-08-12,2022-09-01,Office Supplies,Pending,1768,79.61,74.97,207.0,No,Completed,Pending,Not Paid,132546.96,20.0,8203.52,0.1170814479638009,High Risk
PO-00756,Beta_Supplies,2023-04-22,2023-05-03,Electronics,Partially Delivered,1598,26.3,26.03,154.0,No,Completed,Pending,Not Paid,41595.94,11.0,431.4599999999993,0.09637046307884856,Low Risk
PO-00757,Alpha_Inc,2023-12-18,2024-01-05,MRO,Cancelled,328,93.23,82.63,6.0,Yes,Completed,Pending,Not Paid,27102.64,18.0,3476.800000000003,0.018292682926829267,Low Risk
PO-00758,Epsilon_Group,2022-09-20,2022-09-25,Packaging,Delivered,266,88.29,80.22,4.0,Yes,Completed,Verified,Paid,21338.52,5.0,2146.620000000002,0.015037593984962405,Low Risk
PO-00759,Gamma_Co,2023-01-13,2023-01-28,Raw Materials,Delivered,916,59.01,53.37,47.0,Yes,Completed,Verified,Paid,48886.92,15.0,5166.240000000001,0.05131004366812227,Low Risk
PO-00760,Epsilon_Group,2022-06-21,2022-06-25,Packaging,Cancelled,922,10.84,9.27,29.0,Yes,Completed,Pending,Not Paid,8546.94,4.0,1447.5400000000002,0.031453362255965296,Low Risk
PO-00761,Gamma_Co,2023-09-13,2023-09-28,Packaging,Delivered,1871,39.42,37.41,101.0,No,Completed,Verified,Paid,69994.11,15.0,3760.7100000000096,0.053981827899518976,Low Risk
PO-00762,Epsilon_Group,2023-09-14,2023-09-20,Raw Materials,Delivered,1346,72.08,67.04,38.0,Yes,Completed,Verified,Paid,90235.84000000001,6.0,6783.839999999989,0.02823179791976226,Low Risk
PO-00763,Epsilon_Group,2022-04-28,2022-05-09,Electronics,Delivered,1954,99.78,87.47,57.0,Yes,Completed,Verified,Paid,170916.38,11.0,24053.740000000005,0.02917093142272262,Low Risk
PO-00764,Beta_Supplies,2022-06-17,2022-07-06,Electronics,Delivered,111,68.53,65.22,11.0,Yes,Completed,Verified,Paid,7239.42,19.0,367.41000000000025,0.0990990990990991,Low Risk
PO-00765,Gamma_Co,2022-11-15,2022-11-22,Office Supplies,Pending,645,35.05,30.88,27.0,Yes,Completed,Pending,Not Paid,19917.6,7.0,2689.6499999999987,0.04186046511627907,Low Risk
PO-00766,Gamma_Co,2022-04-21,2022-05-04,Electronics,Cancelled,1953,68.07,62.95,87.0,Yes,Completed,Pending,Not Paid,122941.35,13.0,9999.35999999998,0.0445468509984639,Low Risk
PO-00767,Gamma_Co,2023-08-16,2023-09-02,Electronics,Delivered,778,64.17,61.6,47.0,Yes,Completed,Verified,Paid,47924.8,17.0,1999.4600000000003,0.060411311053984576,Low Risk
PO-00768,Epsilon_Group,2022-01-27,2022-02-09,Office Supplies,Delivered,1415,80.19,78.34,,Yes,Completed,Verified,Paid,110851.1,13.0,2617.749999999992,,Low Risk
PO-00769,Gamma_Co,2022-11-16,2022-11-22,Raw Materials,Delivered,446,20.61,19.46,14.0,Yes,Completed,Verified,Paid,8679.16,6.0,512.8999999999994,0.03139013452914798,Low Risk
PO-00770,Epsilon_Group,2023-08-13,,Office Supplies,Delivered,748,85.95,79.16,32.0,Yes,Pending,Verified,Paid,59211.68,,5078.920000000005,0.0427807486631016,Low Risk
PO-00771,Alpha_Inc,2023-11-25,2023-12-03,Electronics,Pending,1092,65.17,63.11,21.0,Yes,Completed,Pending,Not Paid,68916.12,8.0,2249.5200000000023,0.019230769230769232,Low Risk
PO-00772,Beta_Supplies,2023-01-20,2023-02-02,Electronics,Delivered,226,102.47,99.16,28.0,Yes,Completed,Verified,Paid,22410.16,13.0,748.0600000000005,0.12389380530973451,High Risk
PO-00773,Delta_Logistics,2023-02-11,2023-02-20,Electronics,Delivered,1685,43.42,42.24,262.0,Yes,Completed,Verified,Paid,71174.40000000001,9.0,1988.2999999999995,0.15548961424332344,High Risk
PO-00774,Alpha_Inc,2022-07-23,,Office Supplies,Delivered,445,68.94,60.35,7.0,Yes,Pending,Verified,Paid,26855.75,,3822.5499999999984,0.015730337078651686,Low Risk
PO-00775,Gamma_Co,2022-03-19,2022-04-07,Raw Materials,Delivered,494,94.82,81.89,29.0,Yes,Completed,Verified,Paid,40453.66,19.0,6387.419999999996,0.058704453441295545,Low Risk
PO-00776,Beta_Supplies,2023-08-30,2023-09-11,MRO,Delivered,1306,21.05,18.27,128.0,Yes,Completed,Verified,Paid,23860.62,12.0,3630.6800000000017,0.09800918836140889,Low Risk
PO-00777,Beta_Supplies,2023-12-09,2023-12-11,Office Supplies,Delivered,1988,105.2,93.23,187.0,Yes,Completed,Verified,Paid,185341.24000000002,2.0,23796.359999999997,0.09406438631790745,Low Risk
